"Daily Date","Share Code","Year High (GH¢)","Year Low (GH¢)","Previous Closing Price - VWAP (GH¢)","Opening Price (GH¢)","Last Transaction Price (GH¢)","Closing Price - VWAP (GH¢)","Price Change (GH¢)","Closing Bid Price (GH¢)","Closing Offer Price (GH¢)","Total Shares Traded","Total Value Traded (GH¢)"
"24/09/2026","ACCESS","46.64","16.20","20.67","20.67","20.67","20.67","0.00","20.67","","120","2,480.40"
"24/09/2026","ADB","5.30","5.06","5.30","5.30","5.30","5.30","0.00","5.30","","0","0.00"
"24/09/2026","AGA","37.00","37.00","37.00","37.00","37.00","37.00","0.00","40.70","","0","0.00"
"24/09/2026","**ALW**","0.10","0.10","0.10","0.10","0.10","0.10","0.00","","","0","0.00"
"24/09/2026","ASG","8.89","8.89","8.89","8.89","8.89","8.89","0.00","8.89","","0","0.00"
"24/09/2026","ALLGH","8.46","5.30","5.30","5.30","5.30","5.30","0.00","","5.30","1,518","8,045.40"
"24/09/2026","BOPP","100.00","55.82","75.00","75.00","75.00","75.00","0.00","70.00","74.80","342","24,080.00"
"24/09/2026","CAL","0.94","0.61","0.71","0.71","0.71","0.71","0.00","0.75","","126,513","91,284.97"
"24/09/2026","CLYD","6.57","0.46","4.51","4.51","4.07","4.07","-0.44","","4.07","22,926","93,308.82"
"24/09/2026","CMLT","0.14","0.14","0.14","0.14","0.14","0.14","0.00","0.15","","0","0.00"
"24/09/2026","CPC","0.24","0.05","0.24","0.24","0.24","0.24","0.00","0.26","","0","0.00"
"24/09/2026","DASPHARMA","1.98","0.38","1.19","1.19","1.19","1.19","0.00","","1.19","3,447","4,101.93"
"24/09/2026","EGH","57.00","25.00","39.00","39.00","39.00","39.00","0.00","37.00","39.00","4,832","188,448.00"
"24/09/2026","EGL","12.16","3.48","7.00","7.00","7.00","7.00","0.00","6.70","","35,901","251,307.00"
"24/09/2026","ETI","2.82","0.76","1.74","1.74","1.69","1.69","-0.05","1.62","1.70","129,477","218,671.67"
"24/09/2026","FML","16.35","8.00","14.02","14.02","14.00","14.00","-0.02","14.00","14.02","97,686","1,367,681.04"
"24/09/2026","FAB","8.40","7.71","8.40","8.40","8.40","8.40","0.00","8.40","","500","4,200.00"
"24/09/2026","GCB","52.00","20.11","40.06","40.06","40.05","40.05","-0.01","40.00","40.06","13,220","529,354.00"
"24/09/2026","GGBL","16.50","6.60","10.70","10.70","10.70","10.70","0.00","","10.70","381","4,076.70"
"24/09/2026","GOIL","8.01","2.96","6.10","6.10","6.10","6.10","0.00","6.02","6.10","13,842","84,409.20"
"24/09/2026","KASA","2.30","1.20","1.77","1.77","1.78","1.78","0.01","1.77","1.78","112,311","200,453.67"
"24/09/2026","MAC","5.20","5.20","5.20","5.20","5.20","5.20","0.00","5.20","","0","0.00"
"24/09/2026","MTNGH","7.15","4.20","6.61","6.61","6.56","6.56","-0.05","6.51","6.55","2,865,946","18,805,027.48"
"24/09/2026","PBC**","0.02","0.02","0.02","0.02","0.02","0.02","0.00","","","0","0.00"
"24/09/2026","RBGH","5.58","1.30","4.04","4.04","4.04","4.04","0.00","","4.04","802","3,240.08"
"24/09/2026","SCB","79.41","29.22","69.89","69.89","69.89","69.89","0.00","","69.88","69","4,821.72"
"24/09/2026","SIC","6.09","1.20","5.00","5.00","5.23","5.23","0.23","","5.00","22,020","111,758.94"
"24/09/2026","SOGEGH","11.51","4.49","5.54","5.54","5.55","5.55","0.01","5.55","5.60","6,961","38,629.70"
"24/09/2026","TBL","1.32","1.20","1.20","1.20","1.20","1.20","0.00","1.20","","260","312.00"
"24/09/2026","TOTAL","42.00","32.91","37.80","37.80","37.80","37.80","0.00","34.05","37.80","244","9,223.20"
"24/09/2026","TLW","13.11","11.92","13.11","13.11","13.11","13.11","0.00","13.11","","0","0.00"
"24/09/2026","UNIL","40.00","19.79","40.00","40.00","40.00","40.00","0.00","","40.00","240","9,600.00"
"24/09/2026","ZEN","12.61","5.00","9.01","9.01","9.01","9.01","0.00","9.01","","1,341","12,082.41"
"24/09/2026","AADS","0.42","0.42","0.42","0.42","0.42","0.42","0.00","0.46","","0","0.00"
"24/09/2026","SCBPREF","0.99","0.90","0.99","0.99","0.99","0.99","0.00","0.99","","0","0.00"
"24/09/2026","GLD","533.93","466.72","462.38","462.38","462.38","462.38","0.00","","462.38","966","446,659.08"
"24/09/2026","SAMBA","0.55","0.55","0.55","0.55","0.55","0.55","0.00","0.55","","0","0.00"
"24/09/2026","MMH","0.12","0.10","0.12","0.12","0.12","0.12","0.00","0.12","","57","6.84"
"24/09/2026","HORDS","0.88","0.09","0.61","0.61","0.61","0.61","0.00","0.61","0.66","1,137","693.57"
"24/09/2026","IIL","0.93","0.05","0.50","0.50","0.50","0.50","0.00","","0.53","14,573","7,723.69"
"24/09/2026","DIGICUT","0.42","0.09","0.41","0.41","0.40","0.40","-0.01","0.42","","75,362","30,284.82"
"23/09/2026","ACCESS","46.64","16.20","20.67","20.67","20.67","20.67","0.00","20.67","","386","7,978.62"
"23/09/2026","ADB","5.30","5.06","5.30","5.30","5.30","5.30","0.00","5.30","","11","58.30"
"23/09/2026","AGA","37.00","37.00","37.00","37.00","37.00","37.00","0.00","40.70","","0","0.00"
"23/09/2026","**ALW**","0.10","0.10","0.10","0.10","0.10","0.10","0.00","","","0","0.00"
"23/09/2026","ASG","8.89","8.89","8.89","8.89","8.89","8.89","0.00","8.89","","16","142.24"
"23/09/2026","ALLGH","8.46","5.30","5.30","5.30","5.30","5.30","0.00","","5.30","4,373","23,176.90"
"23/09/2026","BOPP","100.00","55.82","75.00","75.00","75.00","75.00","0.00","70.00","75.00","377","27,025.00"
"23/09/2026","CAL","0.94","0.61","0.70","0.70","0.71","0.71","0.01","0.70","0.71","153,891","107,785.76"
"23/09/2026","CLYD","6.57","0.46","4.70","4.70","4.51","4.51","-0.19","","4.40","4,461","20,084.40"
"23/09/2026","CMLT","0.14","0.14","0.14","0.14","0.14","0.14","0.00","0.15","","0","0.00"
"23/09/2026","CPC","0.24","0.05","0.24","0.24","0.24","0.24","0.00","0.26","","0","0.00"
"23/09/2026","DASPHARMA","1.98","0.38","1.19","1.19","1.19","1.19","0.00","","1.19","7,950","9,460.50"
"23/09/2026","EGH","57.00","25.00","38.00","38.00","39.00","39.00","1.00","37.00","39.00","2,218","86,502.00"
"23/09/2026","EGL","12.16","3.48","7.00","7.00","7.00","7.00","0.00","7.00","","538","3,766.00"
"23/09/2026","ETI","2.82","0.76","1.62","1.62","1.74","1.74","0.12","1.60","1.65","30,390","52,731.67"
"23/09/2026","FML","16.35","8.00","14.02","14.02","14.02","14.02","0.00","13.86","14.02","990","13,908.12"
"23/09/2026","FAB","8.40","7.71","8.40","8.40","8.40","8.40","0.00","8.40","","83","697.20"
"23/09/2026","GCB","52.00","20.11","40.00","40.00","40.06","40.06","0.06","40.02","42.00","27,210","1,090,328.53"
"23/09/2026","GGBL","16.50","6.60","10.70","10.70","10.70","10.70","0.00","","10.70","658","7,040.60"
"23/09/2026","GOIL","8.01","2.96","6.10","6.10","6.10","6.10","0.00","6.00","6.10","19,648","119,840.50"
"23/09/2026","KASA","2.30","1.20","1.82","1.82","1.77","1.77","-0.05","1.77","1.78","255,689","453,043.89"
"23/09/2026","MAC","5.20","5.20","5.20","5.20","5.20","5.20","0.00","4.70","","70","364.00"
"23/09/2026","MTNGH","7.15","4.20","6.68","6.68","6.61","6.61","-0.07","6.50","6.60","732,899","4,846,688.75"
"23/09/2026","PBC**","0.02","0.02","0.02","0.02","0.02","0.02","0.00","","","0","0.00"
"23/09/2026","RBGH","5.58","1.30","4.04","4.04","4.04","4.04","0.00","","4.03","203","818.92"
"23/09/2026","SCB","79.41","29.22","69.89","69.89","69.89","69.89","0.00","","69.89","65","4,542.85"
"23/09/2026","SIC","6.09","1.20","5.43","5.43","5.00","5.00","-0.43","5.40","5.60","32,469","165,114.20"
"23/09/2026","SOGEGH","11.51","4.49","5.60","5.60","5.54","5.54","-0.06","5.40","5.60","16,446","91,097.60"
"23/09/2026","TBL","1.32","1.20","1.20","1.20","1.20","1.20","0.00","1.20","","0","0.00"
"23/09/2026","TOTAL","42.00","32.91","37.80","37.80","37.80","37.80","0.00","37.80","41.57","249","9,412.20"
"23/09/2026","TLW","13.11","11.92","13.11","13.11","13.11","13.11","0.00","13.11","","63","825.93"
"23/09/2026","UNIL","40.00","19.79","40.00","40.00","40.00","40.00","0.00","","40.00","123","4,920.00"
"23/09/2026","ZEN","12.61","5.00","9.01","9.01","9.01","9.01","0.00","9.01","","3,933","35,436.33"
"23/09/2026","AADS","0.42","0.42","0.42","0.42","0.42","0.42","0.00","0.46","","0","0.00"
"23/09/2026","SCBPREF","0.99","0.90","0.99","0.99","0.99","0.99","0.00","","","0","0.00"
"23/09/2026","GLD","533.93","466.72","462.38","462.38","462.38","462.38","0.00","","462.38","8","3,699.04"
"23/09/2026","SAMBA","0.55","0.55","0.55","0.55","0.55","0.55","0.00","0.55","","0","0.00"
"23/09/2026","MMH","0.12","0.10","0.12","0.12","0.12","0.12","0.00","0.13","","0","0.00"
"23/09/2026","HORDS","0.88","0.09","0.61","0.61","0.61","0.61","0.00","0.61","0.66","25,819","15,749.59"
"23/09/2026","IIL","0.93","0.05","0.53","0.53","0.50","0.50","-0.03","0.49","0.53","125,039","63,378.36"
"23/09/2026","DIGICUT","0.42","0.09","0.42","0.42","0.41","0.41","-0.01","0.39","0.42","75,854","30,707.72"
"22/09/2026","ACCESS","46.64","16.20","20.67","20.67","20.67","20.67","0.00","20.67","","52","1,074.84"
"22/09/2026","ADB","5.30","5.06","5.30","5.30","5.30","5.30","0.00","5.30","","0","0.00"
"22/09/2026","AGA","37.00","37.00","37.00","37.00","37.00","37.00","0.00","40.70","","0","0.00"
"22/09/2026","**ALW**","0.10","0.10","0.10","0.10","0.10","0.10","0.00","","","0","0.00"
"22/09/2026","ASG","8.89","8.89","8.89","8.89","8.89","8.89","0.00","8.89","","0","0.00"
"22/09/2026","ALLGH","8.46","5.30","5.35","5.35","5.30","5.30","-0.05","","5.34","1,132","5,999.60"
"22/09/2026","BOPP","100.00","55.82","75.00","75.00","75.00","75.00","0.00","","75.00","207","15,525.00"
"22/09/2026","CAL","0.94","0.61","0.72","0.72","0.70","0.70","-0.02","0.68","0.69","1,476,232","1,033,237.04"
"22/09/2026","CLYD","6.57","0.46","4.70","4.70","4.70","4.70","0.00","","4.46","850","3,867.50"
"22/09/2026","CMLT","0.14","0.14","0.14","0.14","0.14","0.14","0.00","0.15","","0","0.00"
"22/09/2026","CPC","0.24","0.05","0.24","0.24","0.24","0.24","0.00","0.26","","0","0.00"
"22/09/2026","DASPHARMA","1.98","0.38","1.19","1.19","1.19","1.19","0.00","","1.19","5,634","6,704.46"
"22/09/2026","EGH","57.00","25.00","38.00","38.00","38.00","38.00","0.00","37.00","38.00","146","5,568.00"
"22/09/2026","EGL","12.16","3.48","7.00","7.00","7.00","7.00","0.00","7.00","","409","2,863.00"
"22/09/2026","ETI","2.82","0.76","1.60","1.60","1.62","1.62","0.02","1.50","1.60","21,297","34,741.24"
"22/09/2026","FML","16.35","8.00","14.02","14.02","14.02","14.02","0.00","14.02","14.50","225","3,154.50"
"22/09/2026","FAB","8.40","7.71","8.40","8.40","8.40","8.40","0.00","8.00","8.40","0","0.00"
"22/09/2026","GCB","52.00","20.11","40.79","40.79","40.00","40.00","-0.79","40.01","40.79","2,689","107,708.53"
"22/09/2026","GGBL","16.50","6.60","10.70","10.70","10.70","10.70","0.00","","10.70","320","3,424.00"
"22/09/2026","GOIL","8.01","2.96","6.10","6.10","6.10","6.10","0.00","6.00","6.10","6,335","38,643.50"
"22/09/2026","KASA","2.30","1.20","1.83","1.83","1.82","1.82","-0.01","1.80","1.82","99,977","181,569.93"
"22/09/2026","MAC","5.20","5.20","5.20","5.20","5.20","5.20","0.00","5.20","","0","0.00"
"22/09/2026","MTNGH","7.15","4.20","6.69","6.69","6.68","6.68","-0.01","6.65","6.69","189,886","1,268,970.57"
"22/09/2026","PBC**","0.02","0.02","0.02","0.02","0.02","0.02","0.00","","","0","0.00"
"22/09/2026","RBGH","5.58","1.30","4.04","4.04","4.04","4.04","0.00","","4.04","547","2,270.84"
"22/09/2026","SCB","79.41","29.22","69.89","69.89","69.89","69.89","0.00","","69.89","623","43,541.47"
"22/09/2026","SIC","6.09","1.20","5.43","5.43","5.43","5.43","0.00","5.43","5.45","39,878","216,570.38"
"22/09/2026","SOGEGH","11.51","4.49","5.60","5.60","5.60","5.60","0.00","5.40","5.60","1,154","6,462.40"
"22/09/2026","TBL","1.32","1.20","1.20","1.20","1.20","1.20","0.00","1.20","","195","234.00"
"22/09/2026","TOTAL","42.00","32.91","37.80","37.80","37.80","37.80","0.00","34.05","37.80","1,025","38,745.00"
"22/09/2026","TLW","13.11","11.92","13.11","13.11","13.11","13.11","0.00","13.11","","0","0.00"
"22/09/2026","UNIL","40.00","19.79","40.00","40.00","40.00","40.00","0.00","","40.00","566","22,640.00"
"22/09/2026","ZEN","12.61","5.00","9.01","9.01","9.01","9.01","0.00","9.01","","16,946","152,683.46"
"22/09/2026","AADS","0.42","0.42","0.42","0.42","0.42","0.42","0.00","0.46","","1,015","466.90"
"22/09/2026","SCBPREF","0.99","0.90","0.99","0.99","0.99","0.99","0.00","","","0","0.00"
"22/09/2026","GLD","533.93","466.72","462.38","462.38","462.38","462.38","0.00","","462.38","2","924.76"
"22/09/2026","SAMBA","0.55","0.55","0.55","0.55","0.55","0.55","0.00","0.55","","0","0.00"
"22/09/2026","MMH","0.12","0.10","0.12","0.12","0.12","0.12","0.00","0.12","","0","0.00"
"22/09/2026","HORDS","0.88","0.09","0.61","0.61","0.61","0.61","0.00","","0.61","4,757","2,901.77"
"22/09/2026","IIL","0.93","0.05","0.52","0.52","0.53","0.53","0.01","0.53","0.57","65,636","34,827.16"
"22/09/2026","DIGICUT","0.42","0.09","0.40","0.40","0.42","0.42","0.02","0.43","","20,001","8,400.41"
"18/09/2026","ACCESS","46.64","16.20","20.67","20.67","20.67","20.67","0.00","20.67","","1,336","27,615.12"
"18/09/2026","ADB","5.30","5.06","5.30","5.30","5.30","5.30","0.00","5.30","","0","0.00"
"18/09/2026","AGA","37.00","37.00","37.00","37.00","37.00","37.00","0.00","40.70","","0","0.00"
"18/09/2026","**ALW**","0.10","0.10","0.10","0.10","0.10","0.10","0.00","","","0","0.00"
"18/09/2026","ASG","8.89","8.89","8.89","8.89","8.89","8.89","0.00","8.89","","0","0.00"
"18/09/2026","ALLGH","8.46","5.38","5.35","5.35","5.35","5.35","0.00","","5.34","0","0.00"
"18/09/2026","BOPP","100.00","55.82","75.00","75.00","75.00","75.00","0.00","","75.00","387","29,025.00"
"18/09/2026","CAL","0.94","0.61","0.71","0.71","0.72","0.72","0.01","0.69","0.74","90,262","64,748.08"
"18/09/2026","CLYD","6.57","0.46","4.70","4.70","4.70","4.70","0.00","","4.46","0","0.00"
"18/09/2026","CMLT","0.14","0.14","0.14","0.14","0.14","0.14","0.00","0.15","","0","0.00"
"18/09/2026","CPC","0.24","0.05","0.24","0.24","0.24","0.24","0.00","0.26","","0","0.00"
"18/09/2026","DASPHARMA","1.98","0.38","1.22","1.22","1.19","1.19","-0.03","1.19","1.20","11,424","13,622.18"
"18/09/2026","EGH","57.00","25.00","37.00","37.00","38.00","38.00","1.00","37.00","40.00","2,566","97,154.00"
"18/09/2026","EGL","12.16","3.48","7.00","7.00","7.00","7.00","0.00","7.00","","774","5,418.00"
"18/09/2026","ETI","2.82","0.76","1.60","1.60","1.60","1.60","0.00","1.58","1.60","280,653","448,404.55"
"18/09/2026","FML","16.35","8.00","14.02","14.02","14.02","14.02","0.00","14.00","14.50","476","6,669.00"
"18/09/2026","FAB","8.40","7.71","8.40","8.40","8.40","8.40","0.00","8.00","8.40","0","0.00"
"18/09/2026","GCB","52.00","20.11","40.00","40.00","40.79","40.79","0.79","40.01","42.00","5,057","206,757.00"
"18/09/2026","GGBL","16.50","6.60","10.70","10.70","10.70","10.70","0.00","","10.70","460","4,922.00"
"18/09/2026","GOIL","8.01","2.96","6.10","6.10","6.10","6.10","0.00","6.00","6.10","16,706","101,829.60"
"18/09/2026","KASA","2.30","1.20","1.87","1.87","1.83","1.83","-0.04","1.82","1.90","126,115","230,955.48"
"18/09/2026","MAC","5.20","5.20","5.20","5.20","5.20","5.20","0.00","4.70","5.20","14","72.80"
"18/09/2026","MTNGH","7.15","4.20","6.50","6.50","6.69","6.69","0.19","6.65","6.67","2,060,055","13,433,603.86"
"18/09/2026","PBC**","0.02","0.02","0.02","0.02","0.02","0.02","0.00","","","0","0.00"
"18/09/2026","RBGH","5.58","1.30","4.04","4.04","4.04","4.04","0.00","","4.04","2,377","9,603.08"
"18/09/2026","SCB","79.41","29.22","69.89","69.89","69.89","69.89","0.00","","69.88","25","1,747.06"
"18/09/2026","SIC","6.09","1.20","5.17","5.17","5.43","5.43","0.26","","5.43","17,722","96,230.46"
"18/09/2026","SOGEGH","11.51","4.49","5.60","5.60","5.60","5.60","0.00","","5.60","13,367","74,855.20"
"18/09/2026","TBL","1.32","1.20","1.20","1.20","1.20","1.20","0.00","1.20","","570","684.00"
"18/09/2026","TOTAL","42.00","32.91","37.80","37.80","37.80","37.80","0.00","34.05","37.80","3,009","113,740.20"
"18/09/2026","TLW","13.11","11.92","13.11","13.11","13.11","13.11","0.00","13.11","","214","2,805.54"
"18/09/2026","UNIL","40.00","19.79","40.00","40.00","40.00","40.00","0.00","","40.00","252","10,080.00"
"18/09/2026","ZEN","12.61","5.00","9.01","9.01","9.01","9.01","0.00","","9.01","3,669","33,057.69"
"18/09/2026","AADS","0.42","0.42","0.42","0.42","0.42","0.42","0.00","0.46","","0","0.00"
"18/09/2026","SCBPREF","0.99","0.90","0.99","0.99","0.99","0.99","0.00","0.99","","0","0.00"
"18/09/2026","GLD","533.93","466.72","462.39","462.39","462.38","462.38","-0.01","","462.38","221","102,186.16"
"18/09/2026","SAMBA","0.55","0.55","0.55","0.55","0.55","0.55","0.00","0.55","","0","0.00"
"18/09/2026","MMH","0.12","0.10","0.12","0.12","0.12","0.12","0.00","0.12","","0","0.00"
"18/09/2026","HORDS","0.88","0.09","0.61","0.61","0.61","0.61","0.00","","0.61","31,489","19,208.29"
"18/09/2026","IIL","0.93","0.05","0.53","0.53","0.52","0.52","-0.01","","0.53","208,979","109,298.87"
"18/09/2026","DIGICUT","0.39","0.09","0.42","0.42","0.40","0.40","-0.02","","0.41","23,547","9,564.59"
"17/09/2026","ACCESS","46.64","16.20","20.67","20.67","20.67","20.67","0.00","20.00","","0","0.00"
"17/09/2026","ADB","5.30","5.06","5.30","5.30","5.30","5.30","0.00","5.30","","0","0.00"
"17/09/2026","AGA","37.00","37.00","37.00","37.00","37.00","37.00","0.00","40.70","","0","0.00"
"17/09/2026","**ALW**","0.10","0.10","0.10","0.10","0.10","0.10","0.00","","","0","0.00"
"17/09/2026","ASG","8.89","8.89","8.89","8.89","8.89","8.89","0.00","8.89","","0","0.00"
"17/09/2026","ALLGH","8.46","5.38","5.35","5.35","5.35","5.35","0.00","","5.30","0","0.00"
"17/09/2026","BOPP","100.00","55.82","75.00","75.00","75.00","75.00","0.00","","75.00","91","6,825.00"
"17/09/2026","CAL","0.94","0.61","0.70","0.70","0.71","0.71","0.01","0.69","0.70","125,994","88,658.03"
"17/09/2026","CLYD","6.57","0.46","4.95","4.95","4.70","4.70","-0.25","","4.55","4,971","23,340.15"
"17/09/2026","CMLT","0.14","0.14","0.14","0.14","0.14","0.14","0.00","0.15","","0","0.00"
"17/09/2026","CPC","0.24","0.05","0.24","0.24","0.24","0.24","0.00","0.26","","0","0.00"
"17/09/2026","DASPHARMA","1.98","0.38","1.22","1.22","1.22","1.22","0.00","1.22","1.30","55,762","68,029.64"
"17/09/2026","EGH","57.00","25.00","37.00","37.00","37.00","37.00","0.00","","37.00","1,519","56,203.00"
"17/09/2026","EGL","12.16","3.48","7.00","7.00","7.00","7.00","0.00","7.00","","564","3,948.00"
"17/09/2026","ETI","2.82","0.76","1.55","1.55","1.60","1.60","0.05","1.58","1.60","53,343","85,348.80"
"17/09/2026","FML","16.35","8.00","14.00","14.00","14.02","14.02","0.02","14.00","14.50","23,074","323,491.00"
"17/09/2026","FAB","8.40","7.71","8.40","8.40","8.40","8.40","0.00","8.00","8.40","106","848.00"
"17/09/2026","GCB","52.00","20.11","40.00","40.00","40.00","40.00","0.00","40.00","42.00","11,021","441,094.00"
"17/09/2026","GGBL","16.50","6.60","10.70","10.70","10.70","10.70","0.00","","10.70","588","6,291.60"
"17/09/2026","GOIL","8.01","2.96","6.10","6.10","6.10","6.10","0.00","6.00","6.10","26,859","163,839.90"
"17/09/2026","KASA","2.30","1.20","1.78","1.78","1.87","1.87","0.09","1.82","1.86","45,687","84,906.30"
"17/09/2026","MAC","5.20","5.20","5.20","5.20","5.20","5.20","0.00","5.20","","5","26.00"
"17/09/2026","MTNGH","7.15","4.20","6.63","6.63","6.50","6.50","-0.13","6.50","6.70","7,257,555","47,210,719.44"
"17/09/2026","PBC**","0.02","0.02","0.02","0.02","0.02","0.02","0.00","","","0","0.00"
"17/09/2026","RBGH","5.58","1.30","4.04","4.04","4.04","4.04","0.00","","4.04","7,098","28,680.54"
"17/09/2026","SCB","79.41","29.22","69.89","69.89","69.89","69.89","0.00","","69.88","0","0.00"
"17/09/2026","SIC","6.09","1.20","5.43","5.43","5.17","5.17","-0.26","4.90","5.43","6,415","33,446.44"
"17/09/2026","SOGEGH","11.51","4.49","5.60","5.60","5.60","5.60","0.00","5.05","5.60","4,802","26,891.20"
"17/09/2026","TBL","1.32","1.20","1.20","1.20","1.20","1.20","0.00","1.20","","1","1.20"
"17/09/2026","TOTAL","42.00","32.91","37.80","37.80","37.80","37.80","0.00","34.05","37.80","53","2,003.40"
"17/09/2026","TLW","13.11","11.92","13.11","13.11","13.11","13.11","0.00","13.11","","20","262.20"
"17/09/2026","UNIL","40.00","19.79","40.00","40.00","40.00","40.00","0.00","40.00","","181","7,240.00"
"17/09/2026","ZEN","12.61","5.00","9.01","9.01","9.01","9.01","0.00","9.01","","979","8,820.79"
"17/09/2026","AADS","0.42","0.42","0.42","0.42","0.42","0.42","0.00","0.46","","0","0.00"
"17/09/2026","SCBPREF","0.99","0.90","0.99","0.99","0.99","0.99","0.00","","","0","0.00"
"17/09/2026","GLD","533.93","466.72","462.39","462.39","462.39","462.39","0.00","462.39","","1","462.39"
"17/09/2026","SAMBA","0.55","0.55","0.55","0.55","0.55","0.55","0.00","0.55","","0","0.00"
"17/09/2026","MMH","0.12","0.10","0.12","0.12","0.12","0.12","0.00","0.12","","0","0.00"
"17/09/2026","HORDS","0.88","0.09","0.67","0.67","0.61","0.61","-0.06","0.61","","32,790","20,001.90"
"17/09/2026","IIL","0.93","0.05","0.54","0.54","0.53","0.53","-0.01","0.53","0.57","56,226","29,799.78"
"17/09/2026","DIGICUT","0.39","0.09","0.39","0.39","0.42","0.42","0.03","0.42","","396,222","166,413.24"
"16/09/2026","ACCESS","46.64","16.20","22.00","22.00","20.67","20.67","-1.33","20.00","24.20","1,813","37,886.00"
"16/09/2026","ADB","5.30","5.06","5.30","5.30","5.30","5.30","0.00","5.30","","0","0.00"
"16/09/2026","AGA","37.00","37.00","37.00","37.00","37.00","37.00","0.00","40.70","","0","0.00"
"16/09/2026","**ALW**","0.10","0.10","0.10","0.10","0.10","0.10","0.00","","","0","0.00"
"16/09/2026","ASG","8.89","8.89","8.89","8.89","8.89","8.89","0.00","8.89","","0","0.00"
"16/09/2026","ALLGH","8.46","5.38","5.35","5.35","5.35","5.35","0.00","","5.30","0","0.00"
"16/09/2026","BOPP","100.00","55.82","75.00","75.00","75.00","75.00","0.00","","75.00","64","4,800.00"
"16/09/2026","CAL","0.94","0.61","0.70","0.70","0.70","0.70","0.00","0.71","0.74","141,275","96,336.30"
"16/09/2026","CLYD","6.57","0.46","4.95","4.95","4.95","4.95","0.00","","4.70","539","2,533.30"
"16/09/2026","CMLT","0.14","0.14","0.14","0.14","0.14","0.14","0.00","0.15","","0","0.00"
"16/09/2026","CPC","0.24","0.05","0.24","0.24","0.24","0.24","0.00","0.26","","0","0.00"
"16/09/2026","DASPHARMA","1.98","0.38","1.17","1.17","1.22","1.22","0.05","1.17","1.28","56,360","69,198.41"
"16/09/2026","EGH","57.00","25.00","37.00","37.00","37.00","37.00","0.00","36.00","37.00","1,080","39,960.00"
"16/09/2026","EGL","12.16","3.48","7.00","7.00","7.00","7.00","0.00","7.00","","110","770.00"
"16/09/2026","ETI","2.82","0.76","1.66","1.66","1.55","1.55","-0.11","1.58","1.60","369,371","575,033.18"
"16/09/2026","FML","16.35","8.00","14.00","14.00","14.00","14.00","0.00","14.00","14.50","599","8,386.00"
"16/09/2026","FAB","8.40","7.71","8.40","8.40","8.40","8.40","0.00","8.00","8.40","0","0.00"
"16/09/2026","GCB","52.00","20.11","38.91","38.91","40.00","40.00","1.09","40.00","42.00","37,023","1,480,980.00"
"16/09/2026","GGBL","16.50","6.60","10.70","10.70","10.70","10.70","0.00","","10.70","455","4,868.50"
"16/09/2026","GOIL","8.01","2.96","6.36","6.36","6.10","6.10","-0.26","6.00","6.10","149,417","913,481.06"
"16/09/2026","KASA","2.30","1.20","1.74","1.74","1.78","1.78","0.04","1.72","1.82","104,747","185,420.39"
"16/09/2026","MAC","5.20","5.20","5.20","5.20","5.20","5.20","0.00","4.70","5.20","51","265.20"
"16/09/2026","MTNGH","7.15","4.20","6.77","6.77","6.63","6.63","-0.14","6.70","6.77","546,937","3,632,935.20"
"16/09/2026","PBC**","0.02","0.02","0.02","0.02","0.02","0.02","0.00","","","0","0.00"
"16/09/2026","RBGH","5.58","1.30","4.06","4.06","4.04","4.04","-0.02","","4.04","2,073","8,398.76"
"16/09/2026","SCB","79.41","29.22","69.89","69.89","69.89","69.89","0.00","","69.88","0","0.00"
"16/09/2026","SIC","6.09","1.20","5.43","5.43","5.43","5.43","0.00","","5.42","1,821","9,887.98"
"16/09/2026","SOGEGH","11.51","4.49","5.60","5.60","5.60","5.60","0.00","","5.60","14,251","79,805.60"
"16/09/2026","TBL","1.32","1.20","1.20","1.20","1.20","1.20","0.00","1.20","","306","367.20"
"16/09/2026","TOTAL","42.00","32.91","37.80","37.80","37.80","37.80","0.00","34.05","37.80","7,352","277,904.38"
"16/09/2026","TLW","13.11","11.92","13.11","13.11","13.11","13.11","0.00","13.11","","3","39.33"
"16/09/2026","UNIL","40.00","19.79","40.00","40.00","40.00","40.00","0.00","40.00","","556","22,240.00"
"16/09/2026","ZEN","12.61","5.00","9.01","9.01","9.01","9.01","0.00","9.01","","5,469","49,275.69"
"16/09/2026","AADS","0.42","0.42","0.42","0.42","0.42","0.42","0.00","0.46","","0","0.00"
"16/09/2026","SCBPREF","0.99","0.90","0.99","0.99","0.99","0.99","0.00","0.99","","0","0.00"
"16/09/2026","GLD","533.93","466.72","462.39","462.39","462.39","462.39","0.00","","462.39","21","9,710.19"
"16/09/2026","SAMBA","0.55","0.55","0.55","0.55","0.55","0.55","0.00","0.55","","0","0.00"
"16/09/2026","MMH","0.12","0.10","0.12","0.12","0.12","0.12","0.00","0.13","","0","0.00"
"16/09/2026","HORDS","0.88","0.09","0.65","0.65","0.67","0.67","0.02","","0.70","16,136","10,872.95"
"16/09/2026","IIL","0.93","0.05","0.54","0.54","0.54","0.54","0.00","0.52","0.53","51,124","26,981.72"
"16/09/2026","DIGICUT","0.39","0.09","0.36","0.36","0.39","0.39","0.03","0.39","","55,653","21,704.67"
"15/09/2026","ACCESS","46.64","16.20","24.43","24.43","22.00","22.00","-2.43","22.00","24.35","3,307","73,031.05"
"15/09/2026","ADB","5.30","5.06","5.30","5.30","5.30","5.30","0.00","5.30","","0","0.00"
"15/09/2026","AGA","37.00","37.00","37.00","37.00","37.00","37.00","0.00","40.70","","0","0.00"
"15/09/2026","**ALW**","0.10","0.10","0.10","0.10","0.10","0.10","0.00","","","0","0.00"
"15/09/2026","ASG","8.89","8.89","8.89","8.89","8.89","8.89","0.00","8.89","","0","0.00"
"15/09/2026","ALLGH","8.46","5.38","5.35","5.35","5.35","5.35","0.00","","5.35","620","3,317.00"
"15/09/2026","BOPP","100.00","55.82","75.00","75.00","75.00","75.00","0.00","","75.00","473","35,475.00"
"15/09/2026","CAL","0.94","0.61","0.72","0.72","0.70","0.70","-0.02","0.69","0.70","206,260","144,922.61"
"15/09/2026","CLYD","6.57","0.46","5.00","5.00","4.95","4.95","-0.05","","5.00","2,517","12,470.10"
"15/09/2026","CMLT","0.14","0.14","0.14","0.14","0.14","0.14","0.00","0.15","","0","0.00"
"15/09/2026","CPC","0.24","0.05","0.24","0.24","0.24","0.24","0.00","0.25","","0","0.00"
"15/09/2026","DASPHARMA","1.98","0.38","1.08","1.08","1.17","1.17","0.09","1.17","1.18","96,994","113,488.45"
"15/09/2026","EGH","57.00","25.00","38.00","38.00","37.00","37.00","-1.00","","37.00","1,042","38,669.00"
"15/09/2026","EGL","12.16","3.48","7.00","7.00","7.00","7.00","0.00","7.00","7.69","217","1,519.00"
"15/09/2026","ETI","2.82","0.76","1.73","1.73","1.66","1.66","-0.07","1.65","1.66","134,030","223,219.49"
"15/09/2026","FML","16.35","8.00","14.00","14.00","14.00","14.00","0.00","13.86","14.50","81","1,215.00"
"15/09/2026","FAB","8.40","7.71","8.40","8.40","8.40","8.40","0.00","","8.40","0","0.00"
"15/09/2026","GCB","52.00","20.11","40.00","40.00","38.91","38.91","-1.09","40.00","42.00","4,794","187,316.00"
"15/09/2026","GGBL","16.50","6.60","10.70","10.70","10.70","10.70","0.00","","10.70","939","10,047.30"
"15/09/2026","GOIL","8.01","2.96","6.36","6.36","6.36","6.36","0.00","6.36","6.99","1,610","10,239.60"
"15/09/2026","KASA","2.30","1.20","1.81","1.81","1.74","1.74","-0.07","1.78","1.86","115,413","203,108.98"
"15/09/2026","MAC","5.20","5.20","5.20","5.20","5.20","5.20","0.00","4.70","5.20","25","130.00"
"15/09/2026","MTNGH","7.15","4.20","6.84","6.84","6.77","6.77","-0.07","6.75","6.79","163,639","1,108,910.52"
"15/09/2026","PBC**","0.02","0.02","0.02","0.02","0.02","0.02","0.00","","","0","0.00"
"15/09/2026","RBGH","5.58","1.30","4.20","4.20","4.06","4.06","-0.14","","4.00","8,570","34,731.00"
"15/09/2026","SCB","79.41","29.22","69.89","69.89","69.89","69.89","0.00","","69.88","214","14,956.46"
"15/09/2026","SIC","6.09","1.20","5.43","5.43","5.43","5.43","0.00","4.90","5.43","14,893","80,868.99"
"15/09/2026","SOGEGH","11.51","4.49","5.60","5.60","5.60","5.60","0.00","5.60","5.85","4,603","25,887.80"
"15/09/2026","TBL","1.32","1.20","1.20","1.20","1.20","1.20","0.00","","","1,043","1,251.60"
"15/09/2026","TOTAL","42.00","32.91","37.80","37.80","37.80","37.80","0.00","37.79","37.80","3,139","118,643.89"
"15/09/2026","TLW","13.11","11.92","13.11","13.11","13.11","13.11","0.00","13.11","","0","0.00"
"15/09/2026","UNIL","40.00","19.79","40.00","40.00","40.00","40.00","0.00","40.00","","93","3,720.00"
"15/09/2026","ZEN","12.61","5.00","10.00","10.00","9.01","9.01","-0.99","9.01","10.00","8,786","79,292.54"
"15/09/2026","AADS","0.42","0.42","0.42","0.42","0.42","0.42","0.00","0.46","","0","0.00"
"15/09/2026","SCBPREF","0.99","0.90","0.99","0.99","0.99","0.99","0.00","0.99","","0","0.00"
"15/09/2026","GLD","533.93","466.72","462.39","462.39","462.39","462.39","0.00","","462.39","9","4,161.51"
"15/09/2026","SAMBA","0.55","0.55","0.55","0.55","0.55","0.55","0.00","0.55","","0","0.00"
"15/09/2026","MMH","0.12","0.10","0.12","0.12","0.12","0.12","0.00","0.12","","0","0.00"
"15/09/2026","HORDS","0.88","0.09","0.71","0.71","0.65","0.65","-0.06","0.69","","49,127","31,972.91"
"15/09/2026","IIL","0.93","0.05","0.56","0.56","0.54","0.54","-0.02","0.52","0.53","366,832","196,734.15"
"15/09/2026","DIGICUT","0.39","0.09","0.34","0.34","0.36","0.36","0.02","0.36","","91,031","32,771.16"
"14/09/2026","ACCESS","46.64","16.20","22.21","22.21","24.43","24.43","2.22","20.00","24.43","2,071","50,594.53"
"14/09/2026","ADB","5.30","5.06","5.30","5.30","5.30","5.30","0.00","5.30","","9","47.70"
"14/09/2026","AGA","37.00","37.00","37.00","37.00","37.00","37.00","0.00","40.70","","0","0.00"
"14/09/2026","**ALW**","0.10","0.10","0.10","0.10","0.10","0.10","0.00","","","0","0.00"
"14/09/2026","ASG","8.89","8.89","8.89","8.89","8.89","8.89","0.00","8.89","","2","17.78"
"14/09/2026","ALLGH","8.46","5.38","5.40","5.40","5.35","5.35","-0.05","5.00","5.35","2,924","15,587.60"
"14/09/2026","BOPP","100.00","55.82","75.00","75.00","75.00","75.00","0.00","","75.00","114","8,550.00"
"14/09/2026","CAL","0.94","0.61","0.71","0.71","0.72","0.72","0.01","0.70","0.74","217,311","155,906.02"
"14/09/2026","CLYD","6.57","0.46","5.00","5.00","5.00","5.00","0.00","","4.90","5,500","27,500.00"
"14/09/2026","CMLT","0.14","0.14","0.14","0.14","0.14","0.14","0.00","0.15","","0","0.00"
"14/09/2026","CPC","0.24","0.05","0.22","0.22","0.24","0.24","0.02","0.24","","4,434","1,064.16"
"14/09/2026","DASPHARMA","1.98","0.38","1.00","1.00","1.08","1.08","0.08","0.91","1.10","38,138","41,561.80"
"14/09/2026","EGH","57.00","25.00","38.00","38.00","38.00","38.00","0.00","","38.00","1,697","64,490.00"
"14/09/2026","EGL","12.16","3.48","7.00","7.00","7.00","7.00","0.00","7.00","","7,075","49,525.00"
"14/09/2026","ETI","2.82","0.76","1.70","1.70","1.73","1.73","0.03","1.68","1.80","45,710","79,293.29"
"14/09/2026","FML","16.35","8.00","14.00","14.00","14.00","14.00","0.00","","15.00","40,269","563,766.00"
"14/09/2026","FAB","8.40","7.71","8.40","8.40","8.40","8.40","0.00","","8.40","0","0.00"
"14/09/2026","GCB","52.00","20.11","42.00","42.00","40.00","40.00","-2.00","40.00","42.00","250,324","10,015,940.00"
"14/09/2026","GGBL","16.50","6.60","10.70","10.70","10.70","10.70","0.00","10.70","","591","6,323.70"
"14/09/2026","GOIL","8.01","2.96","6.36","6.36","6.36","6.36","0.00","6.36","6.50","2,244","14,271.84"
"14/09/2026","KASA","2.30","1.20","1.86","1.86","1.81","1.81","-0.05","1.78","1.86","314,552","568,892.11"
"14/09/2026","MAC","5.20","5.20","5.20","5.20","5.20","5.20","0.00","4.70","","0","0.00"
"14/09/2026","MTNGH","7.15","4.20","6.85","6.85","6.84","6.84","-0.01","6.80","6.85","916,562","6,263,252.36"
"14/09/2026","PBC**","0.02","0.02","0.02","0.02","0.02","0.02","0.00","","","0","0.00"
"14/09/2026","RBGH","5.58","1.30","3.85","3.85","4.20","4.20","0.35","3.85","4.19","3,131","13,149.74"
"14/09/2026","SCB","79.41","29.22","69.89","69.89","69.89","69.89","0.00","","68.89","2","137.78"
"14/09/2026","SIC","6.09","1.20","5.43","5.43","5.43","5.43","0.00","","5.43","15,104","82,014.72"
"14/09/2026","SOGEGH","11.51","4.49","5.59","5.59","5.60","5.60","0.01","","5.60","15,396","86,212.03"
"14/09/2026","TBL","1.32","1.20","1.20","1.20","1.20","1.20","0.00","","1.20","1,134","1,360.80"
"14/09/2026","TOTAL","42.00","32.91","37.80","37.80","37.80","37.80","0.00","37.79","37.80","13,006","491,621.80"
"14/09/2026","TLW","13.11","11.92","13.11","13.11","13.11","13.11","0.00","","13.11","8","104.88"
"14/09/2026","UNIL","40.00","19.79","40.00","40.00","40.00","40.00","0.00","40.00","","102","4,080.00"
"14/09/2026","ZEN","12.61","5.00","10.00","10.00","10.00","10.00","0.00","","10.00","351","3,510.00"
"14/09/2026","AADS","0.42","0.42","0.42","0.42","0.42","0.42","0.00","0.46","","0","0.00"
"14/09/2026","SCBPREF","0.99","0.90","0.99","0.99","0.99","0.99","0.00","0.99","","0","0.00"
"14/09/2026","GLD","533.93","466.72","462.39","462.39","462.39","462.39","0.00","","462.39","2","924.78"
"14/09/2026","SAMBA","0.55","0.55","0.55","0.55","0.55","0.55","0.00","0.55","","0","0.00"
"14/09/2026","MMH","0.12","0.10","0.12","0.12","0.12","0.12","0.00","0.13","","0","0.00"
"14/09/2026","HORDS","0.88","0.09","0.71","0.71","0.71","0.71","0.00","","0.69","60,828","40,681.64"
"14/09/2026","IIL","0.93","0.05","0.57","0.57","0.56","0.56","-0.01","0.54","0.56","175,090","98,165.00"
"14/09/2026","DIGICUT","0.39","0.09","0.32","0.32","0.34","0.34","0.02","0.34","","10,518","3,562.62"
"11/09/2026","ACCESS","46.64","16.20","23.91","23.91","22.21","22.21","-1.70","21.55","23.91","5,132","116,912.32"
"11/09/2026","ADB","5.30","5.06","5.30","5.30","5.30","5.30","0.00","5.30","","2","10.60"
"11/09/2026","AGA","37.00","37.00","37.00","37.00","37.00","37.00","0.00","40.70","","0","0.00"
"11/09/2026","**ALW**","0.10","0.10","0.10","0.10","0.10","0.10","0.00","","","0","0.00"
"11/09/2026","ASG","8.89","8.89","8.89","8.89","8.89","8.89","0.00","8.89","","0","0.00"
"11/09/2026","ALLGH","8.46","5.38","5.40","5.40","5.40","5.40","0.00","5.00","5.40","3,199","17,274.60"
"11/09/2026","BOPP","100.00","55.82","75.00","75.00","75.00","75.00","0.00","75.00","76.67","184","13,800.00"
"11/09/2026","CAL","0.94","0.61","0.71","0.71","0.71","0.71","0.00","0.71","0.74","49,933","35,562.17"
"11/09/2026","CLYD","6.57","0.46","5.00","5.00","5.00","5.00","0.00","","5.00","6,128","30,640.00"
"11/09/2026","CMLT","0.14","0.14","0.14","0.14","0.14","0.14","0.00","0.15","","0","0.00"
"11/09/2026","CPC","0.22","0.05","0.20","0.20","0.22","0.22","0.02","0.22","","6,897","1,517.34"
"11/09/2026","DASPHARMA","1.98","0.38","0.91","0.91","1.00","1.00","0.09","1.00","","27,542","27,542.00"
"11/09/2026","EGH","57.00","25.00","38.00","38.00","38.00","38.00","0.00","38.00","39.20","781","29,686.40"
"11/09/2026","EGL","12.16","3.48","7.00","7.00","7.00","7.00","0.00","7.01","","1,803","12,621.00"
"11/09/2026","ETI","2.82","0.76","1.71","1.71","1.70","1.70","-0.01","1.70","1.71","6,059,094","6,700,492.95"
"11/09/2026","FML","16.35","8.00","14.00","14.00","14.00","14.00","0.00","","14.00","3,102","43,428.00"
"11/09/2026","FAB","8.40","7.71","8.40","8.40","8.40","8.40","0.00","","8.40","4,500","37,800.00"
"11/09/2026","GCB","52.00","20.11","42.00","42.00","42.00","42.00","0.00","40.00","42.00","4,096","172,337.00"
"11/09/2026","GGBL","16.50","6.60","10.70","10.70","10.70","10.70","0.00","","10.70","527","5,638.90"
"11/09/2026","GOIL","8.01","2.96","7.00","7.00","6.36","6.36","-0.64","6.30","7.00","24,293","155,435.66"
"11/09/2026","KASA","2.30","1.20","1.85","1.85","1.86","1.86","0.01","1.80","1.85","164,506","305,604.68"
"11/09/2026","MAC","5.20","5.20","5.20","5.20","5.20","5.20","0.00","4.70","5.20","111","577.20"
"11/09/2026","MTNGH","7.15","4.20","6.87","6.87","6.85","6.85","-0.02","6.84","6.85","357,697","2,450,408.28"
"11/09/2026","PBC**","0.02","0.02","0.02","0.02","0.02","0.02","0.00","","","0","0.00"
"11/09/2026","RBGH","5.58","1.30","3.85","3.85","3.85","3.85","0.00","","3.85","6,359","24,568.25"
"11/09/2026","SCB","79.41","29.22","69.89","69.89","69.89","69.89","0.00","","69.88","1","69.88"
"11/09/2026","SIC","6.09","1.20","5.43","5.43","5.43","5.43","0.00","","5.43","10,683","58,163.79"
"11/09/2026","SOGEGH","11.51","4.49","5.96","5.96","5.59","5.59","-0.37","5.37","5.94","4,203","24,065.22"
"11/09/2026","TBL","1.32","1.20","1.20","1.20","1.20","1.20","0.00","1.20","","84,095","100,914.00"
"11/09/2026","TOTAL","42.00","32.91","37.80","37.80","37.80","37.80","0.00","37.79","37.80","25","944.75"
"11/09/2026","TLW","13.11","11.92","13.11","13.11","13.11","13.11","0.00","13.11","","109","1,428.99"
"11/09/2026","UNIL","40.00","19.79","40.00","40.00","40.00","40.00","0.00","40.00","","6","240.00"
"11/09/2026","ZEN","12.61","5.00","10.00","10.00","10.00","10.00","0.00","","10.00","512","5,120.00"
"11/09/2026","AADS","0.42","0.42","0.42","0.42","0.42","0.42","0.00","0.46","","0","0.00"
"11/09/2026","SCBPREF","0.99","0.90","0.99","0.99","0.99","0.99","0.00","","","0","0.00"
"11/09/2026","GLD","533.93","466.72","462.39","462.39","462.39","462.39","0.00","","462.39","203","93,865.17"
"11/09/2026","SAMBA","0.55","0.55","0.55","0.55","0.55","0.55","0.00","0.55","","0","0.00"
"11/09/2026","MMH","0.12","0.10","0.12","0.12","0.12","0.12","0.00","0.12","","314","37.68"
"11/09/2026","HORDS","0.88","0.09","0.72","0.72","0.71","0.71","-0.01","","0.69","39,622","27,912.03"
"11/09/2026","IIL","0.93","0.05","0.55","0.55","0.57","0.57","0.02","","0.58","199,796","113,932.34"
"11/09/2026","DIGICUT","0.39","0.09","0.28","0.28","0.32","0.32","0.04","0.32","","36,260","11,603.20"
"10/09/2026","ACCESS","46.64","16.20","26.56","26.56","23.91","23.91","-2.65","","23.91","4,135","98,867.85"
"10/09/2026","ADB","5.30","5.06","5.30","5.30","5.30","5.30","0.00","5.30","","6","31.80"
"10/09/2026","AGA","37.00","37.00","37.00","37.00","37.00","37.00","0.00","40.70","","0","0.00"
"10/09/2026","**ALW**","0.10","0.10","0.10","0.10","0.10","0.10","0.00","","","0","0.00"
"10/09/2026","ASG","8.89","8.89","8.89","8.89","8.89","8.89","0.00","8.89","","10","88.90"
"10/09/2026","ALLGH","8.46","5.38","5.40","5.40","5.40","5.40","0.00","5.00","5.35","0","0.00"
"10/09/2026","BOPP","100.00","55.82","75.00","75.00","75.00","75.00","0.00","75.00","76.67","84","6,300.00"
"10/09/2026","CAL","0.94","0.61","0.75","0.75","0.71","0.71","-0.04","0.70","0.75","52,403","37,939.69"
"10/09/2026","CLYD","6.57","0.46","5.01","5.01","5.00","5.00","-0.01","","5.00","7,414","37,070.00"
"10/09/2026","CMLT","0.14","0.14","0.14","0.14","0.14","0.14","0.00","0.15","","0","0.00"
"10/09/2026","CPC","0.20","0.05","0.20","0.20","0.20","0.20","0.00","0.22","","0","0.00"
"10/09/2026","DASPHARMA","1.98","0.38","0.90","0.90","0.91","0.91","0.01","0.98","0.99","319,083","292,399.16"
"10/09/2026","EGH","57.00","25.00","39.97","39.97","38.00","38.00","-1.97","38.00","41.00","3,934","149,492.00"
"10/09/2026","EGL","12.16","3.48","6.60","6.60","7.00","7.00","0.40","6.70","7.00","3,440","24,040.80"
"10/09/2026","ETI","2.82","0.76","1.64","1.64","1.71","1.71","0.07","1.64","1.72","54,748","95,520.85"
"10/09/2026","FML","16.35","8.00","14.20","14.20","14.00","14.00","-0.20","","14.00","718","10,063.40"
"10/09/2026","FAB","8.40","7.71","8.40","8.40","8.40","8.40","0.00","8.40","9.00","0","0.00"
"10/09/2026","GCB","52.00","20.11","42.00","42.00","42.00","42.00","0.00","40.00","42.00","40,786","1,713,012.00"
"10/09/2026","GGBL","16.50","6.60","10.70","10.70","10.70","10.70","0.00","9.63","10.70","53","567.10"
"10/09/2026","GOIL","8.01","2.96","7.00","7.00","7.00","7.00","0.00","7.00","7.45","14,576","102,032.00"
"10/09/2026","KASA","2.30","1.20","1.79","1.79","1.85","1.85","0.06","1.80","1.84","88,363","163,767.27"
"10/09/2026","MAC","5.20","5.20","5.20","5.20","5.20","5.20","0.00","4.70","5.20","25","130.00"
"10/09/2026","MTNGH","7.15","4.20","6.89","6.89","6.87","6.87","-0.02","6.88","6.89","119,392","821,034.72"
"10/09/2026","PBC**","0.02","0.02","0.02","0.02","0.02","0.02","0.00","","","0","0.00"
"10/09/2026","RBGH","5.58","1.30","4.00","4.00","3.85","3.85","-0.15","","4.20","22,200","87,155.40"
"10/09/2026","SCB","79.41","29.22","69.89","69.89","69.89","69.89","0.00","","69.86","7","489.02"
"10/09/2026","SIC","6.09","1.20","5.43","5.43","5.43","5.43","0.00","","5.43","4,903","26,623.29"
"10/09/2026","SOGEGH","11.51","4.49","5.96","5.96","5.96","5.96","0.00","","5.94","12","71.28"
"10/09/2026","TBL","1.32","1.20","1.20","1.20","1.20","1.20","0.00","1.20","","47,790","57,348.00"
"10/09/2026","TOTAL","42.00","32.91","37.80","37.80","37.80","37.80","0.00","37.79","37.80","76","2,872.80"
"10/09/2026","TLW","13.11","11.92","13.11","13.11","13.11","13.11","0.00","13.11","","10","131.10"
"10/09/2026","UNIL","40.00","19.79","40.00","40.00","40.00","40.00","0.00","40.00","","647","25,880.00"
"10/09/2026","ZEN","12.61","5.00","10.00","10.00","10.00","10.00","0.00","","10.00","4,357","43,568.05"
"10/09/2026","AADS","0.42","0.42","0.42","0.42","0.42","0.42","0.00","0.46","","0","0.00"
"10/09/2026","SCBPREF","0.99","0.90","0.99","0.99","0.99","0.99","0.00","0.99","","0","0.00"
"10/09/2026","GLD","533.93","466.72","462.39","462.39","462.39","462.39","0.00","","462.39","27","12,484.53"
"10/09/2026","SAMBA","0.55","0.55","0.55","0.55","0.55","0.55","0.00","0.55","","0","0.00"
"10/09/2026","MMH","0.12","0.10","0.12","0.12","0.12","0.12","0.00","0.13","","0","0.00"
"10/09/2026","HORDS","0.88","0.09","0.79","0.79","0.72","0.72","-0.07","","0.72","28,117","20,373.47"
"10/09/2026","IIL","0.93","0.05","0.55","0.55","0.55","0.55","0.00","0.55","0.56","123,873","69,325.82"
"10/09/2026","DIGICUT","0.39","0.09","0.30","0.30","0.28","0.28","-0.02","0.32","","707,533","201,290.30"
"09/09/2026","ACCESS","46.64","16.20","29.50","29.50","26.56","26.56","-2.94","","26.56","1,457","38,714.03"
"09/09/2026","ADB","5.30","5.06","5.30","5.30","5.30","5.30","0.00","5.30","","0","0.00"
"09/09/2026","AGA","37.00","37.00","37.00","37.00","37.00","37.00","0.00","40.70","","0","0.00"
"09/09/2026","**ALW**","0.10","0.10","0.10","0.10","0.10","0.10","0.00","","","0","0.00"
"09/09/2026","ASG","8.89","8.89","8.89","8.89","8.89","8.89","0.00","8.89","","0","0.00"
"09/09/2026","ALLGH","8.46","5.38","5.40","5.40","5.40","5.40","0.00","","5.40","209","1,128.60"
"09/09/2026","BOPP","100.00","55.82","75.00","75.00","75.00","75.00","0.00","75.00","76.67","234","17,550.00"
"09/09/2026","CAL","0.94","0.61","0.73","0.73","0.75","0.75","0.02","0.70","0.75","45,099","33,824.25"
"09/09/2026","CLYD","6.57","0.46","5.18","5.18","5.01","5.01","-0.17","","5.00","1,114","5,581.88"
"09/09/2026","CMLT","0.14","0.14","0.14","0.14","0.14","0.14","0.00","0.15","","0","0.00"
"09/09/2026","CPC","0.20","0.05","0.20","0.20","0.20","0.20","0.00","0.22","","0","0.00"
"09/09/2026","DASPHARMA","1.98","0.38","0.99","0.99","0.90","0.90","-0.09","","0.90","6,079","5,471.10"
"09/09/2026","EGH","57.00","25.00","39.97","39.97","39.97","39.97","0.00","38.00","39.97","1,405","56,157.85"
"09/09/2026","EGL","12.16","3.48","6.53","6.53","6.60","6.60","0.07","6.60","","9,609","63,419.40"
"09/09/2026","ETI","2.82","0.76","1.75","1.75","1.64","1.64","-0.11","1.60","1.64","103,087","169,285.70"
"09/09/2026","FML","16.35","8.00","13.23","13.23","14.20","14.20","0.97","","13.23","1,720","23,725.60"
"09/09/2026","FAB","8.40","7.71","8.40","8.40","8.40","8.40","0.00","8.00","","0","0.00"
"09/09/2026","GCB","52.00","20.11","42.00","42.00","42.00","42.00","0.00","42.00","43.00","1,145","48,448.00"
"09/09/2026","GGBL","16.50","6.60","10.70","10.70","10.70","10.70","0.00","9.63","10.70","130","1,391.00"
"09/09/2026","GOIL","8.01","2.96","7.00","7.00","7.00","7.00","0.00","6.72","7.00","9,524","66,598.84"
"09/09/2026","KASA","2.30","1.20","1.82","1.82","1.79","1.79","-0.03","1.82","1.90","189,280","338,884.18"
"09/09/2026","MAC","5.20","5.20","5.20","5.20","5.20","5.20","0.00","4.70","","0","0.00"
"09/09/2026","MTNGH","7.15","4.20","6.88","6.88","6.89","6.89","0.01","6.86","6.88","135,335","932,692.41"
"09/09/2026","PBC**","0.02","0.02","0.02","0.02","0.02","0.02","0.00","","","0","0.00"
"09/09/2026","RBGH","5.58","1.30","4.00","4.00","4.00","4.00","0.00","4.00","4.20","71","284.00"
"09/09/2026","SCB","79.41","29.22","69.89","69.89","69.89","69.89","0.00","","69.88","0","0.00"
"09/09/2026","SIC","6.09","1.20","5.43","5.43","5.43","5.43","0.00","5.43","5.95","994","5,397.42"
"09/09/2026","SOGEGH","11.51","4.49","5.96","5.96","5.96","5.96","0.00","","5.96","3,352","19,977.92"
"09/09/2026","TBL","1.32","1.20","1.20","1.20","1.20","1.20","0.00","1.20","1.31","3,068,083","3,682,029.60"
"09/09/2026","TOTAL","42.00","32.91","37.78","37.78","37.80","37.80","0.02","37.78","37.80","2,179","82,364.30"
"09/09/2026","TLW","13.11","11.92","13.11","13.11","13.11","13.11","0.00","13.11","","0","0.00"
"09/09/2026","UNIL","40.00","19.79","40.00","40.00","40.00","40.00","0.00","40.00","","45","1,800.00"
"09/09/2026","ZEN","12.61","5.00","10.00","10.00","10.00","10.00","0.00","9.30","10.00","304","3,040.00"
"09/09/2026","AADS","0.42","0.42","0.42","0.42","0.42","0.42","0.00","0.46","","0","0.00"
"09/09/2026","SCBPREF","0.99","0.90","0.99","0.99","0.99","0.99","0.00","0.99","","0","0.00"
"09/09/2026","GLD","533.93","466.72","462.39","462.39","462.39","462.39","0.00","","467.39","0","0.00"
"09/09/2026","SAMBA","0.55","0.55","0.55","0.55","0.55","0.55","0.00","0.55","","0","0.00"
"09/09/2026","MMH","0.12","0.10","0.12","0.12","0.12","0.12","0.00","0.13","","0","0.00"
"09/09/2026","HORDS","0.88","0.09","0.79","0.79","0.79","0.79","0.00","","0.77","997","787.63"
"09/09/2026","IIL","0.93","0.05","0.57","0.57","0.55","0.55","-0.02","0.53","0.56","47,005","26,148.92"
"09/09/2026","DIGICUT","0.39","0.09","0.33","0.33","0.30","0.30","-0.03","","0.30","15,859","4,757.70"
"08/09/2026","ACCESS","46.64","16.20","29.50","29.50","29.50","29.50","0.00","","28.50","0","0.00"
"08/09/2026","ADB","5.30","5.06","5.30","5.30","5.30","5.30","0.00","5.30","","3","15.90"
"08/09/2026","AGA","37.00","37.00","37.00","37.00","37.00","37.00","0.00","40.70","","0","0.00"
"08/09/2026","**ALW**","0.10","0.10","0.10","0.10","0.10","0.10","0.00","","","0","0.00"
"08/09/2026","ASG","8.89","8.89","8.89","8.89","8.89","8.89","0.00","8.89","","2","17.78"
"08/09/2026","ALLGH","8.46","5.38","5.40","5.40","5.40","5.40","0.00","5.00","5.40","683","3,688.20"
"08/09/2026","BOPP","100.00","55.82","75.00","75.00","75.00","75.00","0.00","75.00","76.67","1,314","98,550.00"
"08/09/2026","CAL","0.94","0.61","0.75","0.75","0.73","0.73","-0.02","0.72","0.75","240,967","171,014.40"
"08/09/2026","CLYD","6.57","0.46","5.18","5.18","5.18","5.18","0.00","","5.02","0","0.00"
"08/09/2026","CMLT","0.14","0.14","0.14","0.14","0.14","0.14","0.00","0.15","","0","0.00"
"08/09/2026","CPC","0.20","0.05","0.20","0.20","0.20","0.20","0.00","0.22","","0","0.00"
"08/09/2026","DASPHARMA","1.98","0.38","1.09","1.09","0.99","0.99","-0.10","","0.99","50,123","49,621.77"
"08/09/2026","EGH","57.00","25.00","39.02","39.02","39.97","39.97","0.95","39.02","","26,227","1,047,553.64"
"08/09/2026","EGL","12.16","3.48","6.53","6.53","6.53","6.53","0.00","6.80","7.18","318","2,084.34"
"08/09/2026","ETI","2.82","0.76","1.77","1.77","1.75","1.75","-0.02","1.78","1.80","24,910","43,367.91"
"08/09/2026","FML","16.35","8.00","13.23","13.23","13.23","13.23","0.00","13.23","14.20","11,295","149,432.85"
"08/09/2026","FAB","8.40","7.71","8.40","8.40","8.40","8.40","0.00","8.00","8.40","0","0.00"
"08/09/2026","GCB","52.00","20.11","39.56","39.56","42.00","42.00","2.44","39.56","43.51","4,846","192,951.46"
"08/09/2026","GGBL","16.50","6.60","10.70","10.70","10.70","10.70","0.00","9.63","10.70","936","10,015.20"
"08/09/2026","GOIL","8.01","2.96","7.45","7.45","7.00","7.00","-0.45","7.00","7.45","20,853","145,975.50"
"08/09/2026","KASA","2.30","1.20","1.82","1.82","1.82","1.82","0.00","1.82","1.90","278,530","505,889.20"
"08/09/2026","MAC","5.20","5.20","5.20","5.20","5.20","5.20","0.00","4.70","5.20","4","20.80"
"08/09/2026","MTNGH","7.15","4.20","6.85","6.85","6.88","6.88","0.03","6.85","6.86","477,773","3,287,410.47"
"08/09/2026","PBC**","0.02","0.02","0.02","0.02","0.02","0.02","0.00","","","0","0.00"
"08/09/2026","RBGH","5.58","1.30","4.20","4.20","4.00","4.00","-0.20","","4.00","3,421","13,825.80"
"08/09/2026","SCB","79.41","29.22","69.89","69.89","69.89","69.89","0.00","","69.89","517","36,133.13"
"08/09/2026","SIC","6.09","1.20","5.43","5.43","5.43","5.43","0.00","","5.43","14,352","77,931.36"
"08/09/2026","SOGEGH","11.51","4.49","5.97","5.97","5.96","5.96","-0.01","5.39","5.96","39,561","235,783.56"
"08/09/2026","TBL","1.32","1.20","1.28","1.28","1.20","1.20","-0.08","1.20","1.21","63,424","76,265.41"
"08/09/2026","TOTAL","42.00","32.91","37.79","37.79","37.78","37.78","-0.01","37.78","37.79","3,839","145,054.68"
"08/09/2026","TLW","13.11","11.92","13.11","13.11","13.11","13.11","0.00","13.11","","166","2,176.26"
"08/09/2026","UNIL","40.00","19.79","40.00","40.00","40.00","40.00","0.00","40.00","","1,197","47,880.00"
"08/09/2026","ZEN","12.61","5.00","10.00","10.00","10.00","10.00","0.00","9.20","10.00","2,163","21,630.00"
"08/09/2026","AADS","0.42","0.42","0.42","0.42","0.42","0.42","0.00","0.46","","0","0.00"
"08/09/2026","SCBPREF","0.99","0.90","0.99","0.99","0.99","0.99","0.00","0.99","","0","0.00"
"08/09/2026","GLD","533.93","466.72","462.39","462.39","462.39","462.39","0.00","","462.39","4","1,849.56"
"08/09/2026","SAMBA","0.55","0.55","0.55","0.55","0.55","0.55","0.00","0.55","","0","0.00"
"08/09/2026","MMH","0.12","0.10","0.12","0.12","0.12","0.12","0.00","0.13","","0","0.00"
"08/09/2026","HORDS","0.88","0.09","0.83","0.83","0.79","0.79","-0.04","","0.79","19,176","15,205.18"
"08/09/2026","IIL","0.93","0.05","0.60","0.60","0.57","0.57","-0.03","0.56","0.57","103,416","59,970.90"
"08/09/2026","DIGICUT","0.39","0.09","0.38","0.38","0.33","0.33","-0.05","","0.33","330,683","109,125.39"
"07/09/2026","ACCESS","46.64","16.20","29.50","29.50","29.50","29.50","0.00","","26.56","1,444","42,550.96"
"07/09/2026","ADB","5.30","5.06","5.30","5.30","5.30","5.30","0.00","5.30","","1","5.30"
"07/09/2026","AGA","37.00","37.00","37.00","37.00","37.00","37.00","0.00","40.70","","0","0.00"
"07/09/2026","**ALW**","0.10","0.10","0.10","0.10","0.10","0.10","0.00","","","0","0.00"
"07/09/2026","ASG","8.89","8.89","8.89","8.89","8.89","8.89","0.00","8.89","","10","88.90"
"07/09/2026","ALLGH","8.46","5.38","5.40","5.40","5.40","5.40","0.00","5.00","5.40","335","1,809.00"
"07/09/2026","BOPP","100.00","55.82","76.67","76.67","75.00","75.00","-1.67","75.00","76.67","1,682","126,153.34"
"07/09/2026","CAL","0.94","0.61","0.72","0.72","0.75","0.75","0.03","0.72","0.75","221,936","165,343.97"
"07/09/2026","CLYD","6.57","0.46","5.18","5.18","5.18","5.18","0.00","","5.15","80","414.30"
"07/09/2026","CMLT","0.14","0.14","0.14","0.14","0.14","0.14","0.00","0.15","","0","0.00"
"07/09/2026","CPC","0.20","0.05","0.20","0.20","0.20","0.20","0.00","0.22","","0","0.00"
"07/09/2026","DASPHARMA","1.98","0.38","1.21","1.21","1.09","1.09","-0.12","","1.09","18,697","20,379.73"
"07/09/2026","EGH","57.00","25.00","39.02","39.02","39.02","39.02","0.00","38.00","39.02","84","3,277.68"
"07/09/2026","EGL","12.16","3.48","6.53","6.53","6.53","6.53","0.00","6.54","","1,214","8,567.42"
"07/09/2026","ETI","2.82","0.76","1.78","1.78","1.77","1.77","-0.01","1.75","1.78","74,828","132,411.64"
"07/09/2026","FML","16.35","8.00","13.23","13.23","13.23","13.23","0.00","13.21","13.23","2,353","31,130.19"
"07/09/2026","FAB","8.40","7.71","8.40","8.40","8.40","8.40","0.00","8.00","9.00","0","0.00"
"07/09/2026","GCB","52.00","20.11","39.55","39.55","39.56","39.56","0.01","","42.00","268,492","10,622,232.25"
"07/09/2026","GGBL","16.50","6.60","10.70","10.70","10.70","10.70","0.00","","10.70","426","4,558.20"
"07/09/2026","GOIL","8.01","2.96","7.45","7.45","7.45","7.45","0.00","7.40","7.45","6,908","51,099.60"
"07/09/2026","KASA","2.30","1.20","1.90","1.90","1.82","1.82","-0.08","1.80","1.90","450,806","821,770.18"
"07/09/2026","MAC","5.20","5.20","5.20","5.20","5.20","5.20","0.00","4.70","5.20","18","93.60"
"07/09/2026","MTNGH","7.15","4.20","6.86","6.86","6.85","6.85","-0.01","6.86","6.90","18,469,094","126,319,056.54"
"07/09/2026","PBC**","0.02","0.02","0.02","0.02","0.02","0.02","0.00","","","0","0.00"
"07/09/2026","RBGH","5.58","1.30","4.20","4.20","4.20","4.20","0.00","","4.20","2,833","11,898.60"
"07/09/2026","SCB","79.41","29.22","69.89","69.89","69.89","69.89","0.00","","69.00","13","908.44"
"07/09/2026","SIC","6.09","1.20","5.26","5.26","5.43","5.43","0.17","4.90","5.48","9,837","51,478.84"
"07/09/2026","SOGEGH","11.51","4.49","5.98","5.98","5.97","5.97","-0.01","5.39","5.97","1,776","10,602.72"
"07/09/2026","TBL","1.32","1.20","1.20","1.20","1.28","1.28","0.08","1.20","1.32","14,031","17,773.32"
"07/09/2026","TOTAL","42.00","32.91","37.80","37.80","37.79","37.79","-0.01","37.50","37.79","607","22,938.53"
"07/09/2026","TLW","13.11","11.92","13.11","13.11","13.11","13.11","0.00","13.11","","11","144.21"
"07/09/2026","UNIL","40.00","19.79","40.00","40.00","40.00","40.00","0.00","40.00","","712","28,480.00"
"07/09/2026","ZEN","12.61","5.00","10.00","10.00","10.00","10.00","0.00","9.01","10.00","5,482","54,820.00"
"07/09/2026","AADS","0.42","0.42","0.42","0.42","0.42","0.42","0.00","0.46","","0","0.00"
"07/09/2026","SCBPREF","0.99","0.90","0.99","0.99","0.99","0.99","0.00","0.99","","0","0.00"
"07/09/2026","GLD","533.93","466.72","462.39","462.39","462.39","462.39","0.00","","462.39","234","108,199.26"
"07/09/2026","SAMBA","0.55","0.55","0.55","0.55","0.55","0.55","0.00","0.55","","0","0.00"
"07/09/2026","MMH","0.12","0.10","0.12","0.12","0.12","0.12","0.00","0.13","","0","0.00"
"07/09/2026","HORDS","0.88","0.09","0.83","0.83","0.83","0.83","0.00","","0.83","10,586","8,765.38"
"07/09/2026","IIL","0.93","0.05","0.65","0.65","0.60","0.60","-0.05","","0.60","129,159","77,288.79"
"07/09/2026","DIGICUT","0.39","0.09","0.39","0.39","0.38","0.38","-0.01","","0.36","784,960","293,756.25"
"04/09/2026","ACCESS","46.64","16.20","29.50","29.50","29.50","29.50","0.00","","26.56","0","0.00"
"04/09/2026","ADB","5.30","5.06","5.30","5.30","5.30","5.30","0.00","5.30","","0","0.00"
"04/09/2026","AGA","37.00","37.00","37.00","37.00","37.00","37.00","0.00","40.70","","0","0.00"
"04/09/2026","**ALW**","0.10","0.10","0.10","0.10","0.10","0.10","0.00","","","0","0.00"
"04/09/2026","ASG","8.89","8.89","8.89","8.89","8.89","8.89","0.00","8.89","","2","17.78"
"04/09/2026","ALLGH","8.46","5.38","5.40","5.40","5.40","5.40","0.00","5.00","5.40","451","2,435.40"
"04/09/2026","BOPP","100.00","55.82","76.67","76.67","76.67","76.67","0.00","","76.67","472","36,188.24"
"04/09/2026","CAL","0.94","0.61","0.72","0.72","0.72","0.72","0.00","","0.71","105,621","76,303.88"
"04/09/2026","CLYD","6.57","0.46","5.29","5.29","5.18","5.18","-0.11","","5.15","2,619","13,566.42"
"04/09/2026","CMLT","0.14","0.14","0.14","0.14","0.14","0.14","0.00","0.15","","0","0.00"
"04/09/2026","CPC","0.20","0.05","0.20","0.20","0.20","0.20","0.00","0.22","","0","0.00"
"04/09/2026","DASPHARMA","1.98","0.38","1.34","1.34","1.21","1.21","-0.13","","1.21","72,470","87,688.70"
"04/09/2026","EGH","57.00","25.00","39.02","39.02","39.02","39.02","0.00","38.00","39.02","171","6,672.42"
"04/09/2026","EGL","12.16","3.48","6.53","6.53","6.53","6.53","0.00","6.53","7.17","130","848.90"
"04/09/2026","ETI","2.82","0.76","1.80","1.80","1.78","1.78","-0.02","1.75","1.80","48,392","85,582.86"
"04/09/2026","FML","16.35","8.00","13.23","13.23","13.23","13.23","0.00","","13.23","2,787","36,872.01"
"04/09/2026","FAB","8.40","7.71","8.40","8.40","8.40","8.40","0.00","","8.40","737","6,190.80"
"04/09/2026","GCB","52.00","20.11","39.55","39.55","39.55","39.55","0.00","","39.55","306,297","12,114,046.35"
"04/09/2026","GGBL","16.50","6.60","10.70","10.70","10.70","10.70","0.00","","10.70","331","3,541.70"
"04/09/2026","GOIL","8.01","2.96","7.45","7.45","7.45","7.45","0.00","6.72","7.45","9,185","68,428.25"
"04/09/2026","KASA","2.30","1.20","1.87","1.87","1.90","1.90","0.03","1.90","1.95","87,775","166,762.45"
"04/09/2026","MAC","5.20","5.20","5.20","5.20","5.20","5.20","0.00","","5.20","235","1,222.00"
"04/09/2026","MTNGH","7.15","4.20","6.80","6.80","6.86","6.86","0.06","6.80","6.90","713,611","4,897,779.17"
"04/09/2026","PBC**","0.02","0.02","0.02","0.02","0.02","0.02","0.00","","","0","0.00"
"04/09/2026","RBGH","5.58","1.30","4.20","4.20","4.20","4.20","0.00","","4.20","4,843","20,340.60"
"04/09/2026","SCB","79.41","29.22","69.89","69.89","69.89","69.89","0.00","","68.87","0","0.00"
"04/09/2026","SIC","6.09","1.20","5.27","5.27","5.26","5.26","-0.01","4.75","5.24","15,341","80,578.24"
"04/09/2026","SOGEGH","11.51","4.49","5.98","5.98","5.98","5.98","0.00","","5.98","3,106","18,573.88"
"04/09/2026","TBL","1.32","1.20","1.31","1.31","1.20","1.20","-0.11","1.20","1.31","11,209","13,495.79"
"04/09/2026","TOTAL","42.00","32.91","37.80","37.80","37.80","37.80","0.00","34.05","37.80","0","0.00"
"04/09/2026","TLW","13.11","11.92","13.11","13.11","13.11","13.11","0.00","13.11","","4","52.44"
"04/09/2026","UNIL","40.00","19.79","40.00","40.00","40.00","40.00","0.00","","40.00","613","24,520.00"
"04/09/2026","ZEN","12.61","5.00","10.00","10.00","10.00","10.00","0.00","9.01","10.00","6,644","66,440.00"
"04/09/2026","AADS","0.42","0.42","0.42","0.42","0.42","0.42","0.00","0.46","","0","0.00"
"04/09/2026","SCBPREF","0.99","0.90","0.99","0.99","0.99","0.99","0.00","0.99","","0","0.00"
"04/09/2026","GLD","533.93","466.72","462.39","462.39","462.39","462.39","0.00","462.39","","1","462.39"
"04/09/2026","SAMBA","0.55","0.55","0.55","0.55","0.55","0.55","0.00","0.55","","0","0.00"
"04/09/2026","MMH","0.12","0.10","0.12","0.12","0.12","0.12","0.00","0.13","","0","0.00"
"04/09/2026","HORDS","0.88","0.09","0.83","0.83","0.83","0.83","0.00","","0.83","37,929","31,481.07"
"04/09/2026","IIL","0.93","0.05","0.69","0.69","0.65","0.65","-0.04","","0.65","57,588","37,331.22"
"04/09/2026","DIGICUT","0.39","0.09","0.36","0.36","0.39","0.39","0.03","0.39","","7,049","2,749.11"
"03/09/2026","ACCESS","46.64","16.20","29.50","29.50","29.50","29.50","0.00","","26.56","0","0.00"
"03/09/2026","ADB","5.30","5.06","5.30","5.30","5.30","5.30","0.00","5.30","","5","26.50"
"03/09/2026","AGA","37.00","37.00","37.00","37.00","37.00","37.00","0.00","40.70","","0","0.00"
"03/09/2026","**ALW**","0.10","0.10","0.10","0.10","0.10","0.10","0.00","","","0","0.00"
"03/09/2026","ASG","8.89","8.89","8.89","8.89","8.89","8.89","0.00","8.89","","6","53.34"
"03/09/2026","ALLGH","8.46","5.38","5.40","5.40","5.40","5.40","0.00","5.00","5.40","1,362","7,354.80"
"03/09/2026","BOPP","100.00","55.82","76.67","76.67","76.67","76.67","0.00","","76.60","0","0.00"
"03/09/2026","CAL","0.94","0.61","0.71","0.71","0.72","0.72","0.01","0.72","0.73","108,366","78,394.00"
"03/09/2026","CLYD","6.57","0.46","5.39","5.39","5.29","5.29","-0.10","","5.00","11,538","60,994.70"
"03/09/2026","CMLT","0.14","0.14","0.14","0.14","0.14","0.14","0.00","0.15","","0","0.00"
"03/09/2026","CPC","0.20","0.05","0.20","0.20","0.20","0.20","0.00","0.22","","0","0.00"
"03/09/2026","DASPHARMA","1.98","0.38","1.48","1.48","1.34","1.34","-0.14","","1.34","18,653","24,995.02"
"03/09/2026","EGH","57.00","25.00","39.02","39.02","39.02","39.02","0.00","38.00","39.02","2,061","80,420.22"
"03/09/2026","EGL","12.16","3.48","6.53","6.53","6.53","6.53","0.00","6.53","","927","6,053.31"
"03/09/2026","ETI","2.82","0.76","1.84","1.84","1.80","1.80","-0.04","1.73","1.84","36,440","66,210.17"
"03/09/2026","FML","16.35","8.00","13.23","13.23","13.23","13.23","0.00","","13.23","937","12,396.51"
"03/09/2026","FAB","8.40","7.71","8.40","8.40","8.40","8.40","0.00","8.40","9.00","0","0.00"
"03/09/2026","GCB","52.00","20.11","39.55","39.55","39.55","39.55","0.00","39.55","","20,742","820,346.10"
"03/09/2026","GGBL","16.50","6.60","10.70","10.70","10.70","10.70","0.00","","10.70","577","6,173.90"
"03/09/2026","GOIL","8.01","2.96","7.45","7.45","7.45","7.45","0.00","6.72","7.45","2,149","15,842.15"
"03/09/2026","KASA","2.30","1.20","1.89","1.89","1.87","1.87","-0.02","1.89","1.90","101,089","189,476.20"
"03/09/2026","MAC","5.20","5.20","5.20","5.20","5.20","5.20","0.00","","5.20","186","967.20"
"03/09/2026","MTNGH","7.15","4.20","6.86","6.86","6.80","6.80","-0.06","6.81","6.90","2,297,858","15,631,244.28"
"03/09/2026","PBC**","0.02","0.02","0.02","0.02","0.02","0.02","0.00","","","0","0.00"
"03/09/2026","RBGH","5.58","1.30","4.20","4.20","4.20","4.20","0.00","","4.15","2,218","9,315.60"
"03/09/2026","SCB","79.41","29.22","69.89","69.89","69.89","69.89","0.00","","69.87","10","698.70"
"03/09/2026","SIC","6.09","1.20","5.29","5.29","5.27","5.27","-0.02","5.00","5.27","37,481","197,573.57"
"03/09/2026","SOGEGH","11.51","4.49","5.98","5.98","5.98","5.98","0.00","","5.98","2,953","17,658.94"
"03/09/2026","TBL","1.32","1.20","1.20","1.20","1.31","1.31","0.11","1.21","1.31","2,393","3,134.83"
"03/09/2026","TOTAL","42.00","32.91","37.80","37.80","37.80","37.80","0.00","35.00","37.80","199","7,242.20"
"03/09/2026","TLW","13.11","11.92","13.11","13.11","13.11","13.11","0.00","13.11","","499","6,541.89"
"03/09/2026","UNIL","40.00","19.79","40.00","40.00","40.00","40.00","0.00","","40.00","380","15,200.00"
"03/09/2026","ZEN","12.61","5.00","10.89","10.89","10.00","10.00","-0.89","","10.00","4,221","43,132.93"
"03/09/2026","AADS","0.42","0.42","0.42","0.42","0.42","0.42","0.00","0.46","","0","0.00"
"03/09/2026","SCBPREF","0.99","0.90","0.99","0.99","0.99","0.99","0.00","0.99","","0","0.00"
"03/09/2026","GLD","533.93","466.72","462.39","462.39","462.39","462.39","0.00","462.39","","127","58,723.53"
"03/09/2026","SAMBA","0.55","0.55","0.55","0.55","0.55","0.55","0.00","0.55","","0","0.00"
"03/09/2026","MMH","0.12","0.10","0.12","0.12","0.12","0.12","0.00","0.13","","0","0.00"
"03/09/2026","HORDS","0.88","0.09","0.84","0.84","0.83","0.83","-0.01","","0.83","2,061","1,710.82"
"03/09/2026","IIL","0.93","0.05","0.72","0.72","0.69","0.69","-0.03","","0.66","391,677","264,035.77"
"03/09/2026","DIGICUT","0.36","0.09","0.33","0.33","0.36","0.36","0.03","0.36","","40,813","14,692.68"
"02/09/2026","ACCESS","46.64","16.20","30.95","30.95","29.50","29.50","-1.45","","28.85","2,125","62,687.50"
"02/09/2026","ADB","5.30","5.06","5.30","5.30","5.30","5.30","0.00","5.30","","0","0.00"
"02/09/2026","AGA","37.00","37.00","37.00","37.00","37.00","37.00","0.00","40.70","","0","0.00"
"02/09/2026","**ALW**","0.10","0.10","0.10","0.10","0.10","0.10","0.00","","","0","0.00"
"02/09/2026","ASG","8.89","8.89","8.89","8.89","8.89","8.89","0.00","8.89","","13","115.57"
"02/09/2026","ALLGH","8.46","5.38","5.40","5.40","5.40","5.40","0.00","","5.40","3,584","19,353.60"
"02/09/2026","BOPP","100.00","55.82","76.67","76.67","76.67","76.67","0.00","","76.67","149","11,423.83"
"02/09/2026","CAL","0.94","0.61","0.73","0.73","0.71","0.71","-0.02","0.74","0.75","107,989","76,953.62"
"02/09/2026","CLYD","6.57","0.46","5.98","5.98","5.39","5.39","-0.59","","5.39","1,773","9,556.47"
"02/09/2026","CMLT","0.14","0.14","0.14","0.14","0.14","0.14","0.00","0.15","","0","0.00"
"02/09/2026","CPC","0.20","0.05","0.20","0.20","0.20","0.20","0.00","0.22","","0","0.00"
"02/09/2026","DASPHARMA","1.98","0.38","1.64","1.64","1.48","1.48","-0.16","","1.48","28,124","41,623.52"
"02/09/2026","EGH","57.00","25.00","39.02","39.02","39.02","39.02","0.00","","39.02","1,557","60,754.14"
"02/09/2026","EGL","12.16","3.48","6.53","6.53","6.53","6.53","0.00","6.78","","1,780","12,265.00"
"02/09/2026","ETI","2.82","0.76","1.79","1.79","1.84","1.84","0.05","1.73","1.89","29,859","54,846.53"
"02/09/2026","FML","16.35","8.00","13.23","13.23","13.23","13.23","0.00","","13.23","1,362","18,019.26"
"02/09/2026","FAB","8.40","7.71","8.40","8.40","8.40","8.40","0.00","8.40","","0","0.00"
"02/09/2026","GCB","52.00","20.11","39.55","39.55","39.55","39.55","0.00","39.53","39.55","40,495","1,601,519.41"
"02/09/2026","GGBL","16.50","6.60","10.70","10.70","10.70","10.70","0.00","10.70","","625","6,687.50"
"02/09/2026","GOIL","8.01","2.96","7.45","7.45","7.45","7.45","0.00","","7.45","3,736","27,833.20"
"02/09/2026","KASA","2.30","1.20","1.90","1.90","1.89","1.89","-0.01","1.86","1.91","94,321","178,328.05"
"02/09/2026","MAC","5.20","5.20","5.20","5.20","5.20","5.20","0.00","","5.20","332","1,726.40"
"02/09/2026","MTNGH","7.15","4.20","6.92","6.92","6.86","6.86","-0.06","6.98","6.99","3,526,320","24,209,936.46"
"02/09/2026","PBC**","0.02","0.02","0.02","0.02","0.02","0.02","0.00","","","0","0.00"
"02/09/2026","RBGH","5.58","1.30","4.20","4.20","4.20","4.20","0.00","","4.15","2","8.40"
"02/09/2026","SCB","79.41","29.22","69.89","69.89","69.89","69.89","0.00","","69.88","2","139.76"
"02/09/2026","SIC","6.09","1.20","5.44","5.44","5.29","5.29","-0.15","4.91","5.40","14,901","77,452.60"
"02/09/2026","SOGEGH","11.51","4.49","5.98","5.98","5.98","5.98","0.00","5.98","6.00","2,546","15,215.08"
"02/09/2026","TBL","1.32","1.20","1.22","1.22","1.20","1.20","-0.02","1.21","1.32","131,562","158,341.06"
"02/09/2026","TOTAL","42.00","32.91","37.80","37.80","37.80","37.80","0.00","37.82","40.00","1,176","44,452.80"
"02/09/2026","TLW","13.11","11.92","13.11","13.11","13.11","13.11","0.00","13.11","","2","26.22"
"02/09/2026","UNIL","40.00","19.79","40.00","40.00","40.00","40.00","0.00","40.00","44.00","184","7,360.00"
"02/09/2026","ZEN","12.61","5.00","10.89","10.89","10.89","10.89","0.00","10.00","10.89","424","4,617.36"
"02/09/2026","AADS","0.42","0.42","0.42","0.42","0.42","0.42","0.00","0.46","","0","0.00"
"02/09/2026","SCBPREF","0.99","0.90","0.99","0.99","0.99","0.99","0.00","0.99","","0","0.00"
"02/09/2026","GLD","533.93","466.72","462.39","462.39","462.39","462.39","0.00","462.39","","16","7,398.24"
"02/09/2026","SAMBA","0.55","0.55","0.55","0.55","0.55","0.55","0.00","0.55","","0","0.00"
"02/09/2026","MMH","0.12","0.10","0.12","0.12","0.12","0.12","0.00","0.13","","0","0.00"
"02/09/2026","HORDS","0.88","0.09","0.86","0.86","0.84","0.84","-0.02","","0.84","35,662","29,956.08"
"02/09/2026","IIL","0.93","0.05","0.73","0.73","0.72","0.72","-0.01","","0.72","51,694","37,237.05"
"02/09/2026","DIGICUT","0.33","0.09","0.30","0.30","0.33","0.33","0.03","0.33","","25,000","8,250.00"
"01/09/2026","ACCESS","46.64","16.20","30.95","30.95","30.95","30.95","0.00","","30.39","400","12,156.00"
"01/09/2026","ADB","5.30","5.06","5.30","5.30","5.30","5.30","0.00","5.30","","0","0.00"
"01/09/2026","AGA","37.00","37.00","37.00","37.00","37.00","37.00","0.00","40.70","","0","0.00"
"01/09/2026","**ALW**","0.10","0.10","0.10","0.10","0.10","0.10","0.00","","","0","0.00"
"01/09/2026","ASG","8.89","8.89","8.89","8.89","8.89","8.89","0.00","8.89","","0","0.00"
"01/09/2026","ALLGH","8.46","5.38","5.40","5.40","5.40","5.40","0.00","","5.40","488","2,635.20"
"01/09/2026","BOPP","100.00","55.82","76.67","76.67","76.67","76.67","0.00","","76.67","176","13,493.92"
"01/09/2026","CAL","0.94","0.61","0.70","0.70","0.73","0.73","0.03","0.72","0.73","188,069","137,663.42"
"01/09/2026","CLYD","6.57","0.46","5.98","5.98","5.98","5.98","0.00","","5.88","30","177.00"
"01/09/2026","CMLT","0.14","0.14","0.14","0.14","0.14","0.14","0.00","0.15","","0","0.00"
"01/09/2026","CPC","0.20","0.05","0.20","0.20","0.20","0.20","0.00","0.22","","400","88.00"
"01/09/2026","DASPHARMA","1.98","0.38","1.82","1.82","1.64","1.64","-0.18","","1.64","20,767","34,134.97"
"01/09/2026","EGH","57.00","25.00","39.02","39.02","39.02","39.02","0.00","","39.02","12,883","502,680.44"
"01/09/2026","EGL","12.16","3.48","6.72","6.72","6.53","6.53","-0.19","6.75","","132,146","866,010.32"
"01/09/2026","ETI","2.82","0.76","1.86","1.86","1.79","1.79","-0.07","1.73","1.85","34,389","62,195.61"
"01/09/2026","FML","16.35","8.00","13.23","13.23","13.23","13.23","0.00","13.23","14.00","4,721","62,458.83"
"01/09/2026","FAB","8.40","7.71","8.40","8.40","8.40","8.40","0.00","","8.40","2,680","22,512.00"
"01/09/2026","GCB","52.00","20.11","39.55","39.55","39.55","39.55","0.00","39.56","","8,224","325,269.20"
"01/09/2026","GGBL","16.50","6.60","10.70","10.70","10.70","10.70","0.00","10.70","","19,070","204,049.00"
"01/09/2026","GOIL","8.01","2.96","7.45","7.45","7.45","7.45","0.00","","7.45","35,114","261,599.30"
"01/09/2026","KASA","2.30","1.20","1.94","1.94","1.90","1.90","-0.04","1.90","1.98","613,131","1,170,503.00"
"01/09/2026","MAC","5.20","5.20","5.20","5.20","5.20","5.20","0.00","5.20","","0","0.00"
"01/09/2026","MTNGH","7.15","4.20","6.97","6.97","6.92","6.92","-0.05","6.97","6.98","3,144,924","21,746,408.92"
"01/09/2026","PBC**","0.02","0.02","0.02","0.02","0.02","0.02","0.00","","","0","0.00"
"01/09/2026","RBGH","5.58","1.30","4.20","4.20","4.20","4.20","0.00","","4.20","546","2,293.20"
"01/09/2026","SCB","79.41","29.22","69.89","69.89","69.89","69.89","0.00","","69.88","492","34,385.88"
"01/09/2026","SIC","6.09","1.20","5.47","5.47","5.44","5.44","-0.03","5.00","5.47","21,360","115,956.40"
"01/09/2026","SOGEGH","11.51","4.49","5.98","5.98","5.98","5.98","0.00","5.85","5.97","1,566","9,297.99"
"01/09/2026","TBL","1.32","1.20","1.20","1.20","1.22","1.22","0.02","1.21","1.32","34,789","42,815.85"
"01/09/2026","TOTAL","42.00","32.91","41.50","41.50","37.80","37.80","-3.70","37.80","41.50","2,377","94,948.00"
"01/09/2026","TLW","13.11","11.92","13.11","13.11","13.11","13.11","0.00","13.11","","61","799.71"
"01/09/2026","UNIL","40.00","19.79","40.00","40.00","40.00","40.00","0.00","40.00","44.00","177","7,080.00"
"01/09/2026","ZEN","12.61","5.00","10.89","10.89","10.89","10.89","0.00","","10.89","2,640","28,749.60"
"01/09/2026","AADS","0.42","0.42","0.42","0.42","0.42","0.42","0.00","0.46","","0","0.00"
"01/09/2026","SCBPREF","0.99","0.90","0.99","0.99","0.99","0.99","0.00","","","0","0.00"
"01/09/2026","GLD","533.93","466.72","462.39","462.39","462.39","462.39","0.00","","","0","0.00"
"01/09/2026","SAMBA","0.55","0.55","0.55","0.55","0.55","0.55","0.00","0.55","","0","0.00"
"01/09/2026","MMH","0.12","0.10","0.12","0.12","0.12","0.12","0.00","0.13","","0","0.00"
"01/09/2026","HORDS","0.88","0.09","0.88","0.88","0.86","0.86","-0.02","","0.80","7,927","6,852.41"
"01/09/2026","IIL","0.93","0.05","0.76","0.76","0.73","0.73","-0.03","0.70","0.74","80,847","59,197.24"
"01/09/2026","DIGICUT","0.30","0.09","0.28","0.28","0.30","0.30","0.02","0.30","","117,402","35,220.60"
"31/08/2026","ACCESS","46.64","16.20","30.95","30.95","30.95","30.95","0.00","","30.39","0","0.00"
"31/08/2026","ADB","5.30","5.06","5.30","5.30","5.30","5.30","0.00","5.30","","1","5.30"
"31/08/2026","AGA","37.00","37.00","37.00","37.00","37.00","37.00","0.00","40.70","","0","0.00"
"31/08/2026","**ALW**","0.10","0.10","0.10","0.10","0.10","0.10","0.00","","","0","0.00"
"31/08/2026","ASG","8.89","8.89","8.89","8.89","8.89","8.89","0.00","8.89","","8","71.12"
"31/08/2026","ALLGH","8.46","5.38","5.40","5.40","5.40","5.40","0.00","","5.40","4,998","26,989.20"
"31/08/2026","BOPP","100.00","55.82","76.67","76.67","76.67","76.67","0.00","","76.60","227","17,388.20"
"31/08/2026","CAL","0.94","0.61","0.75","0.75","0.70","0.70","-0.05","0.69","0.70","826,527","587,833.82"
"31/08/2026","CLYD","6.57","0.46","5.98","5.98","5.98","5.98","0.00","","5.78","504","2,923.20"
"31/08/2026","CMLT","0.14","0.14","0.14","0.14","0.14","0.14","0.00","0.15","","0","0.00"
"31/08/2026","CPC","0.20","0.05","0.20","0.20","0.20","0.20","0.00","0.22","","0","0.00"
"31/08/2026","DASPHARMA","1.98","0.38","1.98","1.98","1.82","1.82","-0.16","","1.79","42,216","76,790.70"
"31/08/2026","EGH","57.00","25.00","39.02","39.02","39.02","39.02","0.00","","39.02","14,027","547,333.54"
"31/08/2026","EGL","12.16","3.48","6.70","6.70","6.72","6.72","0.02","6.72","","18,054","121,143.20"
"31/08/2026","ETI","2.82","0.76","1.83","1.83","1.86","1.86","0.03","1.80","1.85","59,297","110,662.39"
"31/08/2026","FML","16.35","8.00","13.23","13.23","13.23","13.23","0.00","11.92","13.23","1,830","24,210.90"
"31/08/2026","FAB","8.40","7.71","8.40","8.40","8.40","8.40","0.00","8.40","","0","0.00"
"31/08/2026","GCB","52.00","20.11","39.16","39.16","39.55","39.55","0.39","39.17","","7,168","283,709.80"
"31/08/2026","GGBL","16.50","6.60","10.70","10.70","10.70","10.70","0.00","","10.70","1,009","10,796.30"
"31/08/2026","GOIL","8.01","2.96","7.45","7.45","7.45","7.45","0.00","6.80","7.45","6,916","51,524.20"
"31/08/2026","KASA","2.30","1.20","1.98","1.98","1.94","1.94","-0.04","1.90","1.99","424,149","810,605.80"
"31/08/2026","MAC","5.20","5.20","5.20","5.20","5.20","5.20","0.00","5.20","","3","15.60"
"31/08/2026","MTNGH","7.15","4.20","6.91","6.91","6.97","6.97","0.06","6.99","7.00","252,914","1,762,984.99"
"31/08/2026","PBC**","0.02","0.02","0.02","0.02","0.02","0.02","0.00","","","0","0.00"
"31/08/2026","RBGH","5.58","1.30","4.20","4.20","4.20","4.20","0.00","","4.20","2,308","9,693.60"
"31/08/2026","SCB","79.41","29.22","69.89","69.89","69.89","69.89","0.00","","69.89","145","9,989.05"
"31/08/2026","SIC","6.09","1.20","5.31","5.31","5.47","5.47","0.16","5.46","5.48","33,898","185,582.14"
"31/08/2026","SOGEGH","11.51","4.49","6.00","6.00","5.98","5.98","-0.02","","6.00","30,479","182,179.30"
"31/08/2026","TBL","1.32","1.20","1.21","1.21","1.20","1.20","-0.01","1.21","1.32","16,147","19,437.80"
"31/08/2026","TOTAL","42.00","32.91","41.50","41.50","41.50","41.50","0.00","37.80","41.50","3,477","144,140.10"
"31/08/2026","TLW","13.11","11.92","13.11","13.11","13.11","13.11","0.00","13.11","","65","852.15"
"31/08/2026","UNIL","40.00","19.79","40.00","40.00","40.00","40.00","0.00","40.00","","657","26,280.00"
"31/08/2026","ZEN","12.61","5.00","10.89","10.89","10.89","10.89","0.00","","10.89","2,554","27,813.06"
"31/08/2026","AADS","0.42","0.42","0.42","0.42","0.42","0.42","0.00","0.46","","0","0.00"
"31/08/2026","SCBPREF","0.99","0.90","0.99","0.99","0.99","0.99","0.00","0.99","","0","0.00"
"31/08/2026","GLD","533.93","466.72","462.39","462.39","462.39","462.39","0.00","462.39","","61","28,205.79"
"31/08/2026","SAMBA","0.55","0.55","0.55","0.55","0.55","0.55","0.00","0.55","","0","0.00"
"31/08/2026","MMH","0.12","0.10","0.12","0.12","0.12","0.12","0.00","0.13","","0","0.00"
"31/08/2026","HORDS","0.88","0.09","0.88","0.88","0.88","0.88","0.00","","0.88","23,549","20,724.68"
"31/08/2026","IIL","0.93","0.05","0.75","0.75","0.76","0.76","0.01","","0.76","53,219","40,446.44"
"31/08/2026","DIGICUT","0.28","0.09","0.26","0.26","0.28","0.28","0.02","0.28","","21,801","6,104.28"
"28/08/2026","ACCESS","46.64","16.20","30.95","30.95","30.95","30.95","0.00","","30.39","0","0.00"
"28/08/2026","ADB","5.30","5.06","5.30","5.30","5.30","5.30","0.00","5.30","","20","106.00"
"28/08/2026","AGA","37.00","37.00","37.00","37.00","37.00","37.00","0.00","40.70","","0","0.00"
"28/08/2026","**ALW**","0.10","0.10","0.10","0.10","0.10","0.10","0.00","","","0","0.00"
"28/08/2026","ASG","8.89","8.89","8.89","8.89","8.89","8.89","0.00","8.89","","21","186.69"
"28/08/2026","ALLGH","8.46","5.38","5.40","5.40","5.40","5.40","0.00","","5.40","2,307","12,457.80"
"28/08/2026","BOPP","100.00","55.82","76.67","76.67","76.67","76.67","0.00","","76.67","101","7,743.67"
"28/08/2026","CAL","0.94","0.61","0.73","0.73","0.75","0.75","0.02","0.72","0.79","112,706","83,999.67"
"28/08/2026","CLYD","6.57","0.46","6.00","6.00","5.98","5.98","-0.02","","5.98","6,778","40,541.58"
"28/08/2026","CMLT","0.14","0.14","0.14","0.14","0.14","0.14","0.00","0.15","","0","0.00"
"28/08/2026","CPC","0.20","0.05","0.20","0.20","0.20","0.20","0.00","0.22","","0","0.00"
"28/08/2026","DASPHARMA","1.98","0.38","1.83","1.83","1.98","1.98","0.15","1.67","1.84","101,183","200,378.04"
"28/08/2026","EGH","57.00","25.00","39.02","39.02","39.02","39.02","0.00","","39.02","9,888","385,829.76"
"28/08/2026","EGL","12.16","3.48","6.16","6.16","6.70","6.70","0.54","6.70","","30,055","201,368.50"
"28/08/2026","ETI","2.82","0.76","1.86","1.86","1.83","1.83","-0.03","1.89","1.90","61,303","110,018.90"
"28/08/2026","FML","16.35","8.00","13.23","13.23","13.23","13.23","0.00","","13.23","10,821","143,161.83"
"28/08/2026","FAB","8.40","7.71","8.40","8.40","8.40","8.40","0.00","8.40","","0","0.00"
"28/08/2026","GCB","52.00","20.11","39.09","39.09","39.16","39.16","0.07","39.05","39.45","16,606","650,197.42"
"28/08/2026","GGBL","16.50","6.60","10.70","10.70","10.70","10.70","0.00","","10.70","17,063","182,574.10"
"28/08/2026","GOIL","8.01","2.96","7.50","7.50","7.45","7.45","-0.05","6.80","7.45","33,367","248,596.65"
"28/08/2026","KASA","2.30","1.20","1.95","1.95","1.98","1.98","0.03","1.90","1.95","91,437","180,908.07"
"28/08/2026","MAC","5.20","5.20","5.20","5.20","5.20","5.20","0.00","5.20","","399","2,074.80"
"28/08/2026","MTNGH","7.15","4.20","6.90","6.90","6.91","6.91","0.01","6.85","6.90","477,374","3,300,963.20"
"28/08/2026","PBC**","0.02","0.02","0.02","0.02","0.02","0.02","0.00","","","0","0.00"
"28/08/2026","RBGH","5.58","1.30","4.20","4.20","4.20","4.20","0.00","","4.20","543","2,280.60"
"28/08/2026","SCB","79.41","29.22","69.89","69.89","69.89","69.89","0.00","","69.89","1,098","76,739.22"
"28/08/2026","SIC","6.09","1.20","5.00","5.00","5.31","5.31","0.31","5.00","5.47","22,208","118,196.86"
"28/08/2026","SOGEGH","11.51","4.49","6.00","6.00","6.00","6.00","0.00","","5.90","283","1,687.00"
"28/08/2026","TBL","1.32","1.20","1.21","1.21","1.21","1.21","0.00","1.21","1.32","33,190","40,089.73"
"28/08/2026","TOTAL","42.00","32.91","41.50","41.50","41.50","41.50","0.00","41.50","","1,481","61,461.50"
"28/08/2026","TLW","13.11","11.92","13.11","13.11","13.11","13.11","0.00","13.11","","1","13.11"
"28/08/2026","UNIL","40.00","19.79","40.00","40.00","40.00","40.00","0.00","40.00","","405","16,200.00"
"28/08/2026","ZEN","12.61","5.00","10.89","10.89","10.89","10.89","0.00","10.87","10.89","8,053","87,687.17"
"28/08/2026","AADS","0.42","0.42","0.42","0.42","0.42","0.42","0.00","0.46","","0","0.00"
"28/08/2026","SCBPREF","0.99","0.90","0.99","0.99","0.99","0.99","0.00","0.99","","0","0.00"
"28/08/2026","GLD","533.93","466.72","462.39","462.39","462.39","462.39","0.00","462.39","","17","7,860.63"
"28/08/2026","SAMBA","0.55","0.55","0.55","0.55","0.55","0.55","0.00","0.55","","0","0.00"
"28/08/2026","MMH","0.12","0.10","0.11","0.11","0.12","0.12","0.01","0.12","","5,568","668.16"
"28/08/2026","HORDS","0.88","0.09","0.88","0.88","0.88","0.88","0.00","","0.88","34,525","30,400.00"
"28/08/2026","IIL","0.93","0.05","0.76","0.76","0.75","0.75","-0.01","0.73","0.76","170,376","127,967.79"
"28/08/2026","DIGICUT","0.26","0.09","0.24","0.24","0.26","0.26","0.02","0.26","","5,129","1,333.54"
"27/08/2026","ACCESS","46.64","16.20","30.95","30.95","30.95","30.95","0.00","","30.39","0","0.00"
"27/08/2026","ADB","5.30","5.06","5.30","5.30","5.30","5.30","0.00","5.30","","10","53.00"
"27/08/2026","AGA","37.00","37.00","37.00","37.00","37.00","37.00","0.00","40.70","","0","0.00"
"27/08/2026","**ALW**","0.10","0.10","0.10","0.10","0.10","0.10","0.00","","","0","0.00"
"27/08/2026","ASG","8.89","8.89","8.89","8.89","8.89","8.89","0.00","8.89","","0","0.00"
"27/08/2026","ALLGH","8.46","5.38","5.40","5.40","5.40","5.40","0.00","","5.40","431","2,327.40"
"27/08/2026","BOPP","100.00","55.82","76.67","76.67","76.67","76.67","0.00","","76.67","80","6,133.60"
"27/08/2026","CAL","0.94","0.61","0.74","0.74","0.73","0.73","-0.01","0.75","","60,594","44,714.60"
"27/08/2026","CLYD","6.57","0.46","6.48","6.48","6.00","6.00","-0.48","","6.00","29,471","189,422.64"
"27/08/2026","CMLT","0.14","0.14","0.14","0.14","0.14","0.14","0.00","0.15","","0","0.00"
"27/08/2026","CPC","0.20","0.05","0.20","0.20","0.20","0.20","0.00","0.22","","0","0.00"
"27/08/2026","DASPHARMA","1.83","0.38","1.67","1.67","1.83","1.83","0.16","1.83","","51,000","93,330.00"
"27/08/2026","EGH","57.00","25.00","39.02","39.02","39.02","39.02","0.00","39.02","","86","3,355.72"
"27/08/2026","EGL","12.16","3.48","6.75","6.75","6.16","6.16","-0.59","6.09","","77,742","481,221.45"
"27/08/2026","ETI","2.82","0.76","1.81","1.81","1.86","1.86","0.05","1.78","1.90","31,794","59,519.76"
"27/08/2026","FML","16.35","8.00","13.23","13.23","13.23","13.23","0.00","","13.23","1,364","18,045.72"
"27/08/2026","FAB","8.40","7.71","8.40","8.40","8.40","8.40","0.00","8.40","","0","0.00"
"27/08/2026","GCB","52.00","20.11","39.00","39.00","39.09","39.09","0.09","38.00","39.00","8,786","343,215.90"
"27/08/2026","GGBL","16.50","6.60","10.70","10.70","10.70","10.70","0.00","","10.70","706","7,554.20"
"27/08/2026","GOIL","8.01","2.96","7.50","7.50","7.50","7.50","0.00","6.80","7.45","1,852","13,889.40"
"27/08/2026","KASA","2.30","1.20","1.95","1.95","1.95","1.95","0.00","1.85","1.90","107,423","207,463.00"
"27/08/2026","MAC","5.20","5.20","5.20","5.20","5.20","5.20","0.00","5.20","","0","0.00"
"27/08/2026","MTNGH","7.15","4.20","7.00","7.00","6.90","6.90","-0.10","6.80","6.90","1,954,695","13,493,062.59"
"27/08/2026","PBC**","0.02","0.02","0.02","0.02","0.02","0.02","0.00","","","0","0.00"
"27/08/2026","RBGH","5.58","1.30","4.20","4.20","4.20","4.20","0.00","","4.20","758","3,183.60"
"27/08/2026","SCB","79.41","29.22","70.00","70.00","69.89","69.89","-0.11","","69.89","2,727","190,590.03"
"27/08/2026","SIC","6.09","1.20","5.44","5.44","5.00","5.00","-0.44","5.00","5.44","61,805","314,018.12"
"27/08/2026","SOGEGH","11.51","4.49","6.00","6.00","6.00","6.00","0.00","","6.00","9,307","55,842.00"
"27/08/2026","TBL","1.32","1.20","1.32","1.32","1.21","1.21","-0.11","1.20","1.32","13,684","16,813.44"
"27/08/2026","TOTAL","42.00","32.91","41.50","41.50","41.50","41.50","0.00","37.80","41.50","223","9,254.50"
"27/08/2026","TLW","13.11","11.92","13.11","13.11","13.11","13.11","0.00","13.11","","10","131.10"
"27/08/2026","UNIL","40.00","19.79","40.00","40.00","40.00","40.00","0.00","40.00","","962","38,480.00"
"27/08/2026","ZEN","12.61","5.00","10.89","10.89","10.89","10.89","0.00","","10.89","748","8,145.72"
"27/08/2026","AADS","0.42","0.42","0.42","0.42","0.42","0.42","0.00","0.46","","0","0.00"
"27/08/2026","SCBPREF","0.99","0.90","0.99","0.99","0.99","0.99","0.00","0.99","","0","0.00"
"27/08/2026","GLD","533.93","466.72","462.39","462.39","462.39","462.39","0.00","462.39","","1","462.39"
"27/08/2026","SAMBA","0.55","0.55","0.55","0.55","0.55","0.55","0.00","0.55","","0","0.00"
"27/08/2026","MMH","0.11","0.10","0.11","0.11","0.11","0.11","0.00","0.12","","0","0.00"
"27/08/2026","HORDS","0.88","0.09","0.88","0.88","0.88","0.88","0.00","","0.95","36,696","32,298.43"
"27/08/2026","IIL","0.93","0.05","0.80","0.80","0.76","0.76","-0.04","0.74","0.76","434,336","328,577.78"
"27/08/2026","DIGICUT","0.24","0.09","0.22","0.22","0.24","0.24","0.02","0.24","","2,692","646.08"
"26/08/2026","ACCESS","46.64","16.20","30.95","30.95","30.95","30.95","0.00","","30.39","318","9,664.02"
"26/08/2026","ADB","5.30","5.06","5.30","5.30","5.30","5.30","0.00","5.30","","0","0.00"
"26/08/2026","AGA","37.00","37.00","37.00","37.00","37.00","37.00","0.00","40.70","","0","0.00"
"26/08/2026","**ALW**","0.10","0.10","0.10","0.10","0.10","0.10","0.00","","","0","0.00"
"26/08/2026","ASG","8.89","8.89","8.89","8.89","8.89","8.89","0.00","8.89","","2","17.78"
"26/08/2026","ALLGH","8.46","5.38","5.40","5.40","5.40","5.40","0.00","","5.40","3,520","19,008.00"
"26/08/2026","BOPP","100.00","55.82","76.00","76.00","76.67","76.67","0.67","","77.00","1,854","142,104.00"
"26/08/2026","CAL","0.94","0.61","0.73","0.73","0.74","0.74","0.01","0.74","0.76","128,465","94,825.79"
"26/08/2026","CLYD","6.57","0.46","6.48","6.48","6.48","6.48","0.00","6.00","6.48","4,260","27,604.80"
"26/08/2026","CMLT","0.14","0.14","0.14","0.14","0.14","0.14","0.00","0.15","","0","0.00"
"26/08/2026","CPC","0.20","0.05","0.20","0.20","0.20","0.20","0.00","0.22","","0","0.00"
"26/08/2026","DASPHARMA","1.67","0.38","1.52","1.52","1.67","1.67","0.15","1.67","","107,567","179,626.24"
"26/08/2026","EGH","57.00","25.00","39.02","39.02","39.02","39.02","0.00","39.02","","7,211","281,373.22"
"26/08/2026","EGL","12.16","3.48","7.41","7.41","6.75","6.75","-0.66","6.70","8.15","91,471","621,021.55"
"26/08/2026","ETI","2.82","0.76","1.85","1.85","1.81","1.81","-0.04","1.75","1.82","62,600","113,578.51"
"26/08/2026","FML","16.35","8.00","13.23","13.23","13.23","13.23","0.00","","13.23","7,072","93,562.56"
"26/08/2026","FAB","8.40","7.71","8.40","8.40","8.40","8.40","0.00","8.40","","6,000","50,400.00"
"26/08/2026","GCB","52.00","20.11","39.00","39.00","39.00","39.00","0.00","37.50","39.00","13,743","535,963.50"
"26/08/2026","GGBL","16.50","6.60","10.70","10.70","10.70","10.70","0.00","","10.70","21,077","225,523.90"
"26/08/2026","GOIL","8.01","2.96","7.50","7.50","7.50","7.50","0.00","6.80","7.50","28,193","211,447.50"
"26/08/2026","KASA","2.30","1.20","1.96","1.96","1.95","1.95","-0.01","1.99","2.00","212,356","416,356.88"
"26/08/2026","MAC","5.20","5.20","5.20","5.20","5.20","5.20","0.00","","","5,008","26,041.60"
"26/08/2026","MTNGH","7.15","4.20","6.92","6.92","7.00","7.00","0.08","6.99","7.00","166,946","1,167,852.93"
"26/08/2026","PBC**","0.02","0.02","0.02","0.02","0.02","0.02","0.00","","","0","0.00"
"26/08/2026","RBGH","5.58","1.30","4.20","4.20","4.20","4.20","0.00","","4.20","1,436","6,031.20"
"26/08/2026","SCB","79.41","29.22","70.00","70.00","70.00","70.00","0.00","","69.90","14,339","1,002,296.10"
"26/08/2026","SIC","6.09","1.20","5.50","5.50","5.44","5.44","-0.06","5.10","5.48","48,980","267,232.40"
"26/08/2026","SOGEGH","11.51","4.49","5.65","5.65","6.00","6.00","0.35","","6.00","59,177","354,520.20"
"26/08/2026","TBL","1.32","1.20","1.27","1.27","1.32","1.32","0.05","1.20","1.32","12,700","16,759.00"
"26/08/2026","TOTAL","42.00","32.91","42.00","42.00","41.50","41.50","-0.50","37.80","41.50","4,887","202,818.30"
"26/08/2026","TLW","13.11","11.92","13.11","13.11","13.11","13.11","0.00","13.11","","54","707.94"
"26/08/2026","UNIL","40.00","19.79","39.59","39.59","40.00","40.00","0.41","","40.00","1,006","40,240.00"
"26/08/2026","ZEN","12.61","5.00","10.88","10.88","10.89","10.89","0.01","","10.89","4,562","49,680.18"
"26/08/2026","AADS","0.42","0.42","0.42","0.42","0.42","0.42","0.00","0.46","","0","0.00"
"26/08/2026","SCBPREF","0.99","0.90","0.99","0.99","0.99","0.99","0.00","0.99","","0","0.00"
"26/08/2026","GLD","533.93","466.72","462.39","462.39","462.39","462.39","0.00","462.39","","50","23,119.50"
"26/08/2026","SAMBA","0.55","0.55","0.55","0.55","0.55","0.55","0.00","0.56","","0","0.00"
"26/08/2026","MMH","0.11","0.10","0.11","0.11","0.11","0.11","0.00","0.12","","0","0.00"
"26/08/2026","HORDS","0.88","0.09","0.88","0.88","0.88","0.88","0.00","","0.88","67,864","59,720.32"
"26/08/2026","IIL","0.93","0.05","0.75","0.75","0.75","0.75","0.00","0.75","","187,346","150,087.37"
"26/08/2026","DIGICUT","0.22","0.09","0.20","0.20","0.22","0.22","0.02","0.22","","8,555","1,882.10"
"25/08/2026","ACCESS","46.64","16.20","30.95","30.95","30.95","30.95","0.00","","30.44","0","0.00"
"25/08/2026","ADB","5.30","5.06","5.30","5.30","5.30","5.30","0.00","5.30","","0","0.00"
"25/08/2026","AGA","37.00","37.00","37.00","37.00","37.00","37.00","0.00","40.70","","0","0.00"
"25/08/2026","**ALW**","0.10","0.10","0.10","0.10","0.10","0.10","0.00","","","0","0.00"
"25/08/2026","ASG","8.89","8.89","8.89","8.89","8.89","8.89","0.00","8.89","","0","0.00"
"25/08/2026","ALLGH","8.46","5.38","5.40","5.40","5.40","5.40","0.00","5.40","","484","2,613.60"
"25/08/2026","BOPP","100.00","55.82","76.00","76.00","76.00","76.00","0.00","","76.00","248","18,848.00"
"25/08/2026","CAL","0.94","0.61","0.74","0.74","0.73","0.73","-0.01","0.71","0.72","321,514","235,750.45"
"25/08/2026","CLYD","6.57","0.46","6.49","6.49","6.48","6.48","-0.01","6.49","","21,943","142,267.81"
"25/08/2026","CMLT","0.14","0.14","0.14","0.14","0.14","0.14","0.00","0.15","","0","0.00"
"25/08/2026","CPC","0.20","0.05","0.20","0.20","0.20","0.20","0.00","0.22","","1,193","262.46"
"25/08/2026","DASPHARMA","1.52","0.38","1.39","1.39","1.52","1.52","0.13","1.52","","136,105","206,489.00"
"25/08/2026","EGH","57.00","25.00","39.02","39.02","39.02","39.02","0.00","39.02","42.89","6,107","238,295.14"
"25/08/2026","EGL","12.16","3.48","8.11","8.11","7.41","7.41","-0.70","","8.15","64,017","474,759.68"
"25/08/2026","ETI","2.82","0.76","1.79","1.79","1.85","1.85","0.06","1.73","1.85","132,159","243,765.84"
"25/08/2026","FML","16.35","8.00","13.23","13.23","13.23","13.23","0.00","11.92","13.23","9,748","128,966.04"
"25/08/2026","FAB","8.40","7.71","8.40","8.40","8.40","8.40","0.00","","","5,000","42,000.00"
"25/08/2026","GCB","52.00","20.11","39.00","39.00","39.00","39.00","0.00","39.00","39.49","16,437","640,967.80"
"25/08/2026","GGBL","16.50","6.60","11.88","11.88","10.70","10.70","-1.18","","11.88","20,775","222,319.64"
"25/08/2026","GOIL","8.01","2.96","7.50","7.50","7.50","7.50","0.00","6.80","7.50","6,639","49,308.80"
"25/08/2026","KASA","2.30","1.20","1.93","1.93","1.96","1.96","0.03","1.97","1.98","169,772","332,345.94"
"25/08/2026","MAC","5.20","5.20","5.20","5.20","5.20","5.20","0.00","5.20","","0","0.00"
"25/08/2026","MTNGH","7.15","4.20","6.96","6.96","6.92","6.92","-0.04","6.96","7.00","408,328","2,826,051.41"
"25/08/2026","PBC**","0.02","0.02","0.02","0.02","0.02","0.02","0.00","","","0","0.00"
"25/08/2026","RBGH","5.58","1.30","4.20","4.20","4.20","4.20","0.00","","4.20","1,916","8,047.20"
"25/08/2026","SCB","79.41","29.22","70.00","70.00","70.00","70.00","0.00","","69.87","26","1,816.62"
"25/08/2026","SIC","6.09","1.20","5.50","5.50","5.50","5.50","0.00","","5.50","28,135","154,742.50"
"25/08/2026","SOGEGH","11.51","4.49","5.60","5.60","5.65","5.65","0.05","5.65","6.15","15,150","85,397.90"
"25/08/2026","TBL","1.32","1.20","1.32","1.32","1.27","1.27","-0.05","1.30","1.32","36,593","46,437.48"
"25/08/2026","TOTAL","42.00","32.91","42.00","42.00","42.00","42.00","0.00","41.50","42.00","740","31,004.50"
"25/08/2026","TLW","13.11","11.92","13.11","13.11","13.11","13.11","0.00","13.11","","928","12,166.08"
"25/08/2026","UNIL","39.59","19.79","38.00","38.00","39.59","39.59","1.59","38.00","40.00","4,441","175,898.00"
"25/08/2026","ZEN","12.61","5.00","10.90","10.90","10.88","10.88","-0.02","","10.89","3,480","37,869.26"
"25/08/2026","AADS","0.42","0.42","0.42","0.42","0.42","0.42","0.00","0.46","","0","0.00"
"25/08/2026","SCBPREF","0.99","0.90","0.99","0.99","0.99","0.99","0.00","","","0","0.00"
"25/08/2026","GLD","533.93","466.72","462.39","462.39","462.39","462.39","0.00","462.39","","5","2,311.95"
"25/08/2026","SAMBA","0.55","0.55","0.55","0.55","0.55","0.55","0.00","0.55","","0","0.00"
"25/08/2026","MMH","0.11","0.10","0.11","0.11","0.11","0.11","0.00","0.12","","0","0.00"
"25/08/2026","HORDS","0.88","0.09","0.87","0.87","0.88","0.88","0.01","0.87","0.88","78,706","71,124.17"
"25/08/2026","IIL","0.93","0.05","0.70","0.70","0.75","0.75","0.05","0.73","0.75","336,685","243,126.02"
"25/08/2026","DIGICUT","0.20","0.09","0.19","0.19","0.20","0.20","0.01","0.20","","5,000","1,000.00"
"24/08/2026","ACCESS","46.64","16.20","30.95","30.95","30.95","30.95","0.00","","30.48","0","0.00"
"24/08/2026","ADB","5.30","5.06","5.30","5.30","5.30","5.30","0.00","5.30","","11","58.30"
"24/08/2026","AGA","37.00","37.00","37.00","37.00","37.00","37.00","0.00","40.70","","0","0.00"
"24/08/2026","**ALW**","0.10","0.10","0.10","0.10","0.10","0.10","0.00","","","0","0.00"
"24/08/2026","ASG","8.89","8.89","8.89","8.89","8.89","8.89","0.00","8.89","","1","8.89"
"24/08/2026","ALLGH","8.46","5.38","5.40","5.40","5.40","5.40","0.00","5.40","","5,539","29,910.60"
"24/08/2026","BOPP","100.00","55.82","76.00","76.00","76.00","76.00","0.00","","76.00","744","56,544.00"
"24/08/2026","CAL","0.94","0.61","0.76","0.76","0.74","0.74","-0.02","0.79","0.80","126,428","94,177.21"
"24/08/2026","CLYD","6.57","0.46","6.50","6.50","6.49","6.49","-0.01","","6.48","17,048","110,505.66"
"24/08/2026","CMLT","0.14","0.14","0.14","0.14","0.14","0.14","0.00","0.15","","0","0.00"
"24/08/2026","CPC","0.20","0.05","0.20","0.20","0.20","0.20","0.00","0.22","","0","0.00"
"24/08/2026","DASPHARMA","1.39","0.38","1.27","1.27","1.39","1.39","0.12","1.39","","61,758","85,843.62"
"24/08/2026","EGH","57.00","25.00","39.02","39.02","39.02","39.02","0.00","","39.02","5,178","202,045.56"
"24/08/2026","EGL","12.16","3.48","7.39","7.39","8.11","8.11","0.72","7.35","8.11","19,010","153,012.16"
"24/08/2026","ETI","2.82","0.76","1.89","1.89","1.79","1.79","-0.10","1.85","1.89","98,104","176,082.34"
"24/08/2026","FML","16.35","8.00","13.23","13.23","13.23","13.23","0.00","","13.23","1,876","24,819.48"
"24/08/2026","FAB","8.40","7.71","8.40","8.40","8.40","8.40","0.00","8.40","","0","0.00"
"24/08/2026","GCB","52.00","20.11","39.00","39.00","39.00","39.00","0.00","38.00","39.00","11,710","456,391.41"
"24/08/2026","GGBL","16.50","6.60","11.88","11.88","11.88","11.88","0.00","","11.88","238","2,827.44"
"24/08/2026","GOIL","8.01","2.96","7.50","7.50","7.50","7.50","0.00","6.75","7.50","9,734","73,005.00"
"24/08/2026","KASA","2.30","1.20","1.97","1.97","1.93","1.93","-0.04","1.97","2.00","116,162","224,402.54"
"24/08/2026","MAC","5.20","5.20","5.20","5.20","5.20","5.20","0.00","","","5,506","28,631.20"
"24/08/2026","MTNGH","7.15","4.20","7.00","7.00","6.96","6.96","-0.04","6.98","7.00","205,180","1,429,286.40"
"24/08/2026","PBC**","0.02","0.02","0.02","0.02","0.02","0.02","0.00","","","0","0.00"
"24/08/2026","RBGH","5.58","1.30","4.20","4.20","4.20","4.20","0.00","","4.20","3,120","13,104.00"
"24/08/2026","SCB","79.41","29.22","70.00","70.00","70.00","70.00","0.00","","69.90","503","35,159.70"
"24/08/2026","SIC","6.09","1.20","5.50","5.50","5.50","5.50","0.00","","5.50","13,442","73,931.00"
"24/08/2026","SOGEGH","11.51","4.49","5.60","5.60","5.60","5.60","0.00","5.60","6.00","19,231","107,693.60"
"24/08/2026","TBL","1.32","1.20","1.20","1.20","1.32","1.32","0.12","1.30","1.32","71,618","94,474.44"
"24/08/2026","TOTAL","42.00","32.91","42.00","42.00","42.00","42.00","0.00","","42.00","1,281","53,802.00"
"24/08/2026","TLW","13.11","11.92","13.11","13.11","13.11","13.11","0.00","13.11","","199","2,608.89"
"24/08/2026","UNIL","38.00","19.79","35.20","35.20","38.00","38.00","2.80","35.20","38.00","1,625","60,487.20"
"24/08/2026","ZEN","12.61","5.00","10.90","10.90","10.90","10.90","0.00","","10.89","617","6,725.30"
"24/08/2026","AADS","0.42","0.42","0.42","0.42","0.42","0.42","0.00","0.46","","0","0.00"
"24/08/2026","SCBPREF","0.99","0.90","0.99","0.99","0.99","0.99","0.00","","","0","0.00"
"24/08/2026","GLD","533.93","466.72","462.39","462.39","462.39","462.39","0.00","","462.39","25","11,559.75"
"24/08/2026","SAMBA","0.55","0.55","0.55","0.55","0.55","0.55","0.00","0.55","","0","0.00"
"24/08/2026","MMH","0.11","0.10","0.11","0.11","0.11","0.11","0.00","0.12","","0","0.00"
"24/08/2026","HORDS","0.87","0.09","0.82","0.82","0.87","0.87","0.05","0.75","0.87","71,929","62,503.23"
"24/08/2026","IIL","0.93","0.05","0.65","0.65","0.70","0.70","0.05","0.70","","162,408","111,459.35"
"24/08/2026","DIGICUT","0.19","0.09","0.18","0.18","0.19","0.19","0.01","0.19","","5,680","1,079.20"
"21/08/2026","ACCESS","46.64","16.20","30.95","30.95","30.95","30.95","0.00","","30.49","0","0.00"
"21/08/2026","ADB","5.30","5.06","5.30","5.30","5.30","5.30","0.00","5.30","","2","10.60"
"21/08/2026","AGA","37.00","37.00","37.00","37.00","37.00","37.00","0.00","40.70","","0","0.00"
"21/08/2026","**ALW**","0.10","0.10","0.10","0.10","0.10","0.10","0.00","","","0","0.00"
"21/08/2026","ASG","8.89","8.89","8.89","8.89","8.89","8.89","0.00","8.89","","0","0.00"
"21/08/2026","ALLGH","8.46","5.38","5.40","5.40","5.40","5.40","0.00","5.70","","0","0.00"
"21/08/2026","BOPP","100.00","55.82","77.00","77.00","76.00","76.00","-1.00","","76.00","1,469","111,644.00"
"21/08/2026","CAL","0.94","0.61","0.76","0.76","0.76","0.76","0.00","0.73","0.78","181,585","135,837.00"
"21/08/2026","CLYD","6.57","0.46","6.52","6.52","6.50","6.50","-0.02","","6.48","9,437","61,340.50"
"21/08/2026","CMLT","0.14","0.14","0.14","0.14","0.14","0.14","0.00","0.15","","0","0.00"
"21/08/2026","CPC","0.20","0.05","0.20","0.20","0.20","0.20","0.00","0.22","","0","0.00"
"21/08/2026","DASPHARMA","1.27","0.38","1.16","1.16","1.27","1.27","0.11","1.27","","201,500","255,905.00"
"21/08/2026","EGH","57.00","25.00","39.02","39.02","39.02","39.02","0.00","","39.00","0","0.00"
"21/08/2026","EGL","12.16","3.48","8.16","8.16","7.39","7.39","-0.77","7.35","8.23","64,776","481,976.72"
"21/08/2026","ETI","2.82","0.76","1.82","1.82","1.89","1.89","0.07","1.88","1.89","66,769","125,905.06"
"21/08/2026","FML","16.35","8.00","13.23","13.23","13.23","13.23","0.00","","13.23","2,792","36,938.16"
"21/08/2026","FAB","8.40","7.71","8.40","8.40","8.40","8.40","0.00","","","0","0.00"
"21/08/2026","GCB","52.00","20.11","39.04","39.04","39.00","39.00","-0.04","38.00","39.00","109,926","4,287,216.81"
"21/08/2026","GGBL","16.50","6.60","11.88","11.88","11.88","11.88","0.00","","11.88","55","653.40"
"21/08/2026","GOIL","8.01","2.96","7.50","7.50","7.50","7.50","0.00","","7.50","9,964","74,730.00"
"21/08/2026","KASA","2.30","1.20","1.99","1.99","1.97","1.97","-0.02","1.97","2.00","77,612","152,625.94"
"21/08/2026","MAC","5.20","5.20","5.20","5.20","5.20","5.20","0.00","5.20","","0","0.00"
"21/08/2026","MTNGH","7.15","4.20","6.99","6.99","7.00","7.00","0.01","6.98","7.00","324,776","2,272,431.14"
"21/08/2026","PBC**","0.02","0.02","0.02","0.02","0.02","0.02","0.00","","","0","0.00"
"21/08/2026","RBGH","5.58","1.30","4.20","4.20","4.20","4.20","0.00","","4.20","1,173","4,926.60"
"21/08/2026","SCB","79.41","29.22","70.00","70.00","70.00","70.00","0.00","","69.90","167","11,673.30"
"21/08/2026","SIC","6.09","1.20","5.50","5.50","5.50","5.50","0.00","","5.50","13,343","73,386.50"
"21/08/2026","SOGEGH","11.51","4.49","5.44","5.44","5.60","5.60","0.16","5.44","5.60","3,197","17,834.08"
"21/08/2026","TBL","1.20","1.20","1.20","1.20","1.20","1.20","0.00","1.20","1.32","78,346","94,015.20"
"21/08/2026","TOTAL","42.00","32.91","39.83","39.83","42.00","42.00","2.17","42.00","","43,939","1,845,438.00"
"21/08/2026","TLW","13.11","11.92","13.11","13.11","13.11","13.11","0.00","13.11","","5","65.55"
"21/08/2026","UNIL","35.20","19.79","32.00","32.00","35.20","35.20","3.20","35.20","","1,028","34,940.80"
"21/08/2026","ZEN","12.61","5.00","10.90","10.90","10.90","10.90","0.00","","10.89","0","0.00"
"21/08/2026","AADS","0.42","0.42","0.42","0.42","0.42","0.42","0.00","0.46","","0","0.00"
"21/08/2026","SCBPREF","0.99","0.90","0.99","0.99","0.99","0.99","0.00","","","0","0.00"
"21/08/2026","GLD","533.93","466.72","462.39","462.39","462.39","462.39","0.00","","462.39","2","924.78"
"21/08/2026","SAMBA","0.55","0.55","0.55","0.55","0.55","0.55","0.00","0.55","","0","0.00"
"21/08/2026","MMH","0.11","0.10","0.11","0.11","0.11","0.11","0.00","0.12","","102","11.22"
"21/08/2026","HORDS","0.82","0.09","0.75","0.75","0.82","0.82","0.07","0.76","0.82","93,857","76,721.03"
"21/08/2026","IIL","0.93","0.05","0.65","0.65","0.65","0.65","0.00","0.65","0.70","331,629","220,128.63"
"21/08/2026","DIGICUT","0.18","0.09","0.17","0.17","0.18","0.18","0.01","0.18","","4,320","777.60"
"20/08/2026","ACCESS","46.64","16.20","30.95","30.95","30.95","30.95","0.00","","30.89","0","0.00"
"20/08/2026","ADB","5.30","5.06","5.30","5.30","5.30","5.30","0.00","5.30","","0","0.00"
"20/08/2026","AGA","37.00","37.00","37.00","37.00","37.00","37.00","0.00","40.70","","0","0.00"
"20/08/2026","**ALW**","0.10","0.10","0.10","0.10","0.10","0.10","0.00","","","0","0.00"
"20/08/2026","ASG","8.89","8.89","8.89","8.89","8.89","8.89","0.00","8.89","","1","8.89"
"20/08/2026","ALLGH","8.46","5.38","5.40","5.40","5.40","5.40","0.00","5.40","5.70","264","1,425.60"
"20/08/2026","BOPP","100.00","55.82","78.00","78.00","77.00","77.00","-1.00","","76.90","1,324","101,947.70"
"20/08/2026","CAL","0.94","0.61","0.76","0.76","0.76","0.76","0.00","0.76","0.78","224,158","171,130.49"
"20/08/2026","CLYD","6.57","0.46","6.53","6.53","6.52","6.52","-0.01","","6.52","6,525","42,583.88"
"20/08/2026","CMLT","0.14","0.14","0.14","0.14","0.14","0.14","0.00","0.15","","0","0.00"
"20/08/2026","CPC","0.20","0.05","0.19","0.19","0.20","0.20","0.01","0.20","","50,000","10,000.00"
"20/08/2026","DASPHARMA","1.16","0.38","1.06","1.06","1.16","1.16","0.10","1.16","","2,000","2,320.00"
"20/08/2026","EGH","57.00","25.00","39.02","39.02","39.02","39.02","0.00","","39.00","102","3,978.00"
"20/08/2026","EGL","12.16","3.48","9.06","9.06","8.16","8.16","-0.90","8.18","9.06","27,540","225,899.86"
"20/08/2026","ETI","2.82","0.76","1.87","1.87","1.82","1.82","-0.05","1.87","1.88","33,346","60,648.30"
"20/08/2026","FML","16.35","8.00","13.23","13.23","13.23","13.23","0.00","","13.23","13,225","174,966.75"
"20/08/2026","FAB","8.40","7.71","8.40","8.40","8.40","8.40","0.00","8.40","","0","0.00"
"20/08/2026","GCB","52.00","20.11","41.15","41.15","39.04","39.04","-2.11","39.00","40.00","162,515","6,350,507.00"
"20/08/2026","GGBL","16.50","6.60","11.88","11.88","11.88","11.88","0.00","","11.88","506","6,011.28"
"20/08/2026","GOIL","8.01","2.96","7.97","7.97","7.50","7.50","-0.47","","7.50","7,325","55,523.94"
"20/08/2026","KASA","2.30","1.20","1.99","1.99","1.99","1.99","0.00","1.98","1.99","254,221","507,746.61"
"20/08/2026","MAC","5.20","5.20","5.20","5.20","5.20","5.20","0.00","5.20","","2","10.40"
"20/08/2026","MTNGH","7.15","4.20","7.00","7.00","6.99","6.99","-0.01","6.98","6.99","370,755","2,592,588.87"
"20/08/2026","PBC**","0.02","0.02","0.02","0.02","0.02","0.02","0.00","","","0","0.00"
"20/08/2026","RBGH","5.58","1.30","4.20","4.20","4.20","4.20","0.00","","4.20","817","3,431.40"
"20/08/2026","SCB","79.41","29.22","70.00","70.00","70.00","70.00","0.00","","69.90","91","6,360.90"
"20/08/2026","SIC","6.09","1.20","5.42","5.42","5.50","5.50","0.08","","5.50","4,925","27,087.50"
"20/08/2026","SOGEGH","11.51","4.49","5.44","5.44","5.44","5.44","0.00","5.44","","29,301","159,397.44"
"20/08/2026","TBL","1.20","1.20","1.20","1.20","1.20","1.20","0.00","1.20","","550","660.00"
"20/08/2026","TOTAL","42.00","32.91","39.83","39.83","39.83","39.83","0.00","39.83","42.00","5,405","215,281.15"
"20/08/2026","TLW","13.11","11.92","13.11","13.11","13.11","13.11","0.00","13.11","","0","0.00"
"20/08/2026","UNIL","30.00","19.79","32.00","32.00","32.00","32.00","0.00","32.00","","96","3,072.00"
"20/08/2026","ZEN","12.61","5.00","10.93","10.93","10.90","10.90","-0.03","","10.90","1,128","12,295.20"
"20/08/2026","AADS","0.42","0.42","0.42","0.42","0.42","0.42","0.00","0.46","","0","0.00"
"20/08/2026","SCBPREF","0.99","0.90","0.99","0.99","0.99","0.99","0.00","0.99","","0","0.00"
"20/08/2026","GLD","533.93","466.72","462.39","462.39","462.39","462.39","0.00","","462.39","1,986","918,306.54"
"20/08/2026","SAMBA","0.55","0.55","0.55","0.55","0.55","0.55","0.00","0.55","","0","0.00"
"20/08/2026","MMH","0.11","0.10","0.11","0.11","0.11","0.11","0.00","0.12","","0","0.00"
"20/08/2026","HORDS","0.82","0.09","0.82","0.82","0.75","0.75","-0.07","","0.75","545,437","453,764.46"
"20/08/2026","IIL","0.93","0.05","0.60","0.60","0.65","0.65","0.05","0.65","","841,477","531,667.75"
"20/08/2026","DIGICUT","0.17","0.09","0.16","0.16","0.17","0.17","0.01","0.17","","2,002,003","326,175.37"
"19/08/2026","ACCESS","46.64","16.20","30.95","30.95","30.95","30.95","0.00","","30.95","913","28,257.35"
"19/08/2026","ADB","5.30","5.06","5.30","5.30","5.30","5.30","0.00","5.30","","3","15.90"
"19/08/2026","AGA","37.00","37.00","37.00","37.00","37.00","37.00","0.00","40.70","","0","0.00"
"19/08/2026","**ALW**","0.10","0.10","0.10","0.10","0.10","0.10","0.00","","","0","0.00"
"19/08/2026","ASG","8.89","8.89","8.89","8.89","8.89","8.89","0.00","8.89","","0","0.00"
"19/08/2026","ALLGH","8.46","5.38","5.40","5.40","5.40","5.40","0.00","5.40","","156","842.40"
"19/08/2026","BOPP","100.00","55.82","78.00","78.00","78.00","78.00","0.00","","77.50","10","778.50"
"19/08/2026","CAL","0.94","0.61","0.77","0.77","0.76","0.76","-0.01","0.76","0.77","127,318","96,353.10"
"19/08/2026","CLYD","6.57","0.46","6.54","6.54","6.53","6.53","-0.01","","6.00","17,513","114,362.11"
"19/08/2026","CMLT","0.14","0.14","0.14","0.14","0.14","0.14","0.00","0.15","","0","0.00"
"19/08/2026","CPC","0.19","0.05","0.18","0.18","0.19","0.19","0.01","0.19","","100,000","19,000.00"
"19/08/2026","DASPHARMA","1.06","0.38","0.97","0.97","1.06","1.06","0.09","1.06","","82,160","87,089.60"
"19/08/2026","EGH","57.00","25.00","39.10","39.10","39.02","39.02","-0.08","","39.00","14,597","569,692.30"
"19/08/2026","EGL","12.16","3.48","9.06","9.06","9.06","9.06","0.00","","9.06","7,042","63,800.52"
"19/08/2026","ETI","2.82","0.76","1.87","1.87","1.87","1.87","0.00","1.86","1.87","185,427","346,782.31"
"19/08/2026","FML","16.35","8.00","13.23","13.23","13.23","13.23","0.00","","13.23","4,705","62,247.15"
"19/08/2026","FAB","8.40","7.71","8.40","8.40","8.40","8.40","0.00","8.40","","5,166","43,394.40"
"19/08/2026","GCB","52.00","20.11","42.95","42.95","41.15","41.15","-1.80","40.00","42.50","71,803","2,957,896.50"
"19/08/2026","GGBL","16.50","6.60","11.88","11.88","11.88","11.88","0.00","","11.88","646","7,674.48"
"19/08/2026","GOIL","8.01","2.96","8.00","8.00","7.97","7.97","-0.03","7.95","8.00","8,077","64,467.70"
"19/08/2026","KASA","2.30","1.20","1.94","1.94","1.99","1.99","0.05","1.97","1.99","275,204","547,385.43"
"19/08/2026","MAC","5.20","5.20","5.20","5.20","5.20","5.20","0.00","5.20","","0","0.00"
"19/08/2026","MTNGH","7.15","4.20","7.02","7.02","7.00","7.00","-0.02","6.98","7.00","1,915,790","13,415,165.00"
"19/08/2026","PBC**","0.02","0.02","0.02","0.02","0.02","0.02","0.00","","","0","0.00"
"19/08/2026","RBGH","5.58","1.30","4.20","4.20","4.20","4.20","0.00","","4.20","966","4,057.20"
"19/08/2026","SCB","79.41","29.22","70.00","70.00","70.00","70.00","0.00","","69.90","36","2,516.40"
"19/08/2026","SIC","6.09","1.20","5.58","5.58","5.42","5.42","-0.16","5.50","5.58","19,860","108,183.72"
"19/08/2026","SOGEGH","11.51","4.49","5.19","5.19","5.44","5.44","0.25","5.70","","17,811","96,665.40"
"19/08/2026","TBL","1.20","1.20","1.20","1.20","1.20","1.20","0.00","1.20","","210","252.00"
"19/08/2026","TOTAL","42.00","32.91","39.83","39.83","39.83","39.83","0.00","39.83","42.00","386","15,374.38"
"19/08/2026","TLW","13.11","11.92","13.11","13.11","13.11","13.11","0.00","13.11","","2","26.22"
"19/08/2026","UNIL","30.00","19.79","32.00","32.00","32.00","32.00","0.00","32.00","","239","7,648.00"
"19/08/2026","ZEN","12.61","5.00","11.00","11.00","10.93","10.93","-0.07","","10.90","3,968","43,369.30"
"19/08/2026","AADS","0.42","0.42","0.42","0.42","0.42","0.42","0.00","0.46","","0","0.00"
"19/08/2026","SCBPREF","0.99","0.90","0.99","0.99","0.99","0.99","0.00","0.99","","0","0.00"
"19/08/2026","GLD","533.93","466.72","462.39","462.39","462.39","462.39","0.00","462.39","","14","6,473.46"
"19/08/2026","SAMBA","0.55","0.55","0.55","0.55","0.55","0.55","0.00","0.55","","0","0.00"
"19/08/2026","MMH","0.11","0.10","0.11","0.11","0.11","0.11","0.00","0.12","","0","0.00"
"19/08/2026","HORDS","0.82","0.09","0.77","0.77","0.82","0.82","0.05","0.82","","58,619","48,067.58"
"19/08/2026","IIL","0.93","0.05","0.55","0.55","0.60","0.60","0.05","0.60","","832,200","499,170.00"
"19/08/2026","DIGICUT","0.16","0.09","0.15","0.15","0.16","0.16","0.01","0.16","","2,192,909","345,674.41"
"18/08/2026","ACCESS","46.64","16.20","31.49","31.49","30.95","30.95","-0.54","","30.95","1,406","43,515.70"
"18/08/2026","ADB","5.30","5.06","5.30","5.30","5.30","5.30","0.00","5.30","","0","0.00"
"18/08/2026","AGA","37.00","37.00","37.00","37.00","37.00","37.00","0.00","40.70","","0","0.00"
"18/08/2026","**ALW**","0.10","0.10","0.10","0.10","0.10","0.10","0.00","","","0","0.00"
"18/08/2026","ASG","8.89","8.89","8.89","8.89","8.89","8.89","0.00","8.89","","1","8.89"
"18/08/2026","ALLGH","8.46","5.38","5.40","5.40","5.40","5.40","0.00","5.40","","3,097","16,723.80"
"18/08/2026","BOPP","100.00","55.82","78.00","78.00","78.00","78.00","0.00","","78.00","353","27,534.00"
"18/08/2026","CAL","0.94","0.61","0.77","0.77","0.77","0.77","0.00","0.76","0.79","245,231","188,772.71"
"18/08/2026","CLYD","6.57","0.46","6.57","6.57","6.54","6.54","-0.03","6.50","6.57","32,246","210,393.15"
"18/08/2026","CMLT","0.14","0.14","0.14","0.14","0.14","0.14","0.00","0.15","","0","0.00"
"18/08/2026","CPC","0.18","0.05","0.18","0.18","0.18","0.18","0.00","0.18","","0","0.00"
"18/08/2026","DASPHARMA","0.97","0.38","0.89","0.89","0.97","0.97","0.08","0.97","","30,000","29,100.00"
"18/08/2026","EGH","57.00","25.00","39.10","39.10","39.10","39.10","0.00","39.10","","523","20,449.30"
"18/08/2026","EGL","12.16","3.48","9.06","9.06","9.06","9.06","0.00","9.06","9.96","5,907","53,877.42"
"18/08/2026","ETI","2.82","0.76","1.84","1.84","1.87","1.87","0.03","1.89","1.90","30,359","56,961.47"
"18/08/2026","FML","16.35","8.00","13.23","13.23","13.23","13.23","0.00","13.23","13.95","19,200","254,016.77"
"18/08/2026","FAB","8.40","7.71","8.40","8.40","8.40","8.40","0.00","8.40","","0","0.00"
"18/08/2026","GCB","52.00","20.11","42.95","42.95","42.95","42.95","0.00","42.50","42.95","3,650","156,767.50"
"18/08/2026","GGBL","16.50","6.60","11.88","11.88","11.88","11.88","0.00","","11.88","225","2,673.00"
"18/08/2026","GOIL","8.01","2.96","7.93","7.93","8.00","8.00","0.07","7.93","","6,020","48,136.90"
"18/08/2026","KASA","2.30","1.20","1.90","1.90","1.94","1.94","0.04","1.94","2.00","86,130","167,538.08"
"18/08/2026","MAC","5.20","5.20","5.20","5.20","5.20","5.20","0.00","5.20","","0","0.00"
"18/08/2026","MTNGH","7.15","4.20","7.03","7.03","7.02","7.02","-0.01","7.01","7.02","3,910,742","27,462,979.75"
"18/08/2026","PBC**","0.02","0.02","0.02","0.02","0.02","0.02","0.00","","","0","0.00"
"18/08/2026","RBGH","5.58","1.30","4.20","4.20","4.20","4.20","0.00","","4.20","3,015","12,663.00"
"18/08/2026","SCB","79.41","29.22","70.00","70.00","70.00","70.00","0.00","","69.90","2,569","179,573.10"
"18/08/2026","SIC","6.09","1.20","5.59","5.59","5.58","5.58","-0.01","5.40","5.59","45,247","252,688.99"
"18/08/2026","SOGEGH","11.51","4.49","5.40","5.40","5.19","5.19","-0.21","5.09","5.19","43,507","226,055.23"
"18/08/2026","TBL","1.20","1.20","1.20","1.20","1.20","1.20","0.00","1.20","","0","0.00"
"18/08/2026","TOTAL","42.00","32.91","39.83","39.83","39.83","39.83","0.00","39.83","42.00","480","19,183.50"
"18/08/2026","TLW","13.11","11.92","13.11","13.11","13.11","13.11","0.00","13.11","","9","117.99"
"18/08/2026","UNIL","30.00","19.79","32.00","32.00","32.00","32.00","0.00","32.00","","214","6,848.00"
"18/08/2026","ZEN","12.61","5.00","11.00","11.00","11.00","11.00","0.00","","11.00","2,523","27,753.00"
"18/08/2026","AADS","0.42","0.42","0.42","0.42","0.42","0.42","0.00","0.46","","0","0.00"
"18/08/2026","SCBPREF","0.99","0.90","0.99","0.99","0.99","0.99","0.00","0.99","","0","0.00"
"18/08/2026","GLD","533.93","466.72","462.39","462.39","462.39","462.39","0.00","462.39","","2","924.78"
"18/08/2026","SAMBA","0.55","0.55","0.55","0.55","0.55","0.55","0.00","0.56","","0","0.00"
"18/08/2026","MMH","0.11","0.10","0.11","0.11","0.11","0.11","0.00","0.12","","0","0.00"
"18/08/2026","HORDS","0.77","0.09","0.71","0.71","0.77","0.77","0.06","0.71","0.77","16,659","12,827.43"
"18/08/2026","IIL","0.93","0.05","0.50","0.50","0.55","0.55","0.05","0.55","","60,036","33,019.80"
"18/08/2026","DIGICUT","0.15","0.09","0.14","0.14","0.15","0.15","0.01","0.14","","2,312","346.80"
"17/08/2026","ACCESS","46.64","16.20","31.49","31.49","31.49","31.49","0.00","","30.95","0","0.00"
"17/08/2026","ADB","5.30","5.06","5.30","5.30","5.30","5.30","0.00","5.30","","0","0.00"
"17/08/2026","AGA","37.00","37.00","37.00","37.00","37.00","37.00","0.00","40.70","","0","0.00"
"17/08/2026","**ALW**","0.10","0.10","0.10","0.10","0.10","0.10","0.00","","","0","0.00"
"17/08/2026","ASG","8.89","8.89","8.89","8.89","8.89","8.89","0.00","8.89","","1","8.89"
"17/08/2026","ALLGH","8.46","5.38","5.40","5.40","5.40","5.40","0.00","5.10","5.40","17,762","95,914.80"
"17/08/2026","BOPP","100.00","55.82","78.00","78.00","78.00","78.00","0.00","","77.50","102","7,956.00"
"17/08/2026","CAL","0.94","0.61","0.78","0.78","0.77","0.77","-0.01","0.77","0.78","243,149","187,804.00"
"17/08/2026","CLYD","6.57","0.46","6.50","6.50","6.57","6.57","0.07","","6.50","25,577","166,900.50"
"17/08/2026","CMLT","0.14","0.14","0.14","0.14","0.14","0.14","0.00","0.15","","0","0.00"
"17/08/2026","CPC","0.18","0.05","0.18","0.18","0.18","0.18","0.00","0.18","","1","0.18"
"17/08/2026","DASPHARMA","0.89","0.38","0.81","0.81","0.89","0.89","0.08","0.89","","27,145","24,159.05"
"17/08/2026","EGH","57.00","25.00","39.00","39.00","39.10","39.10","0.10","39.00","42.89","2,621","102,433.00"
"17/08/2026","EGL","12.16","3.48","10.02","10.02","9.06","9.06","-0.96","","10.02","33,866","306,851.46"
"17/08/2026","ETI","2.82","0.76","1.89","1.89","1.84","1.84","-0.05","1.72","1.90","40,582","75,500.43"
"17/08/2026","FML","16.35","8.00","13.20","13.20","13.23","13.23","0.03","13.23","14.00","1,239","16,371.69"
"17/08/2026","FAB","8.40","7.71","8.40","8.40","8.40","8.40","0.00","8.40","","0","0.00"
"17/08/2026","GCB","52.00","20.11","42.95","42.95","42.95","42.95","0.00","39.00","42.90","5,831","250,441.45"
"17/08/2026","GGBL","16.50","6.60","11.88","11.88","11.88","11.88","0.00","","11.88","432","5,132.16"
"17/08/2026","GOIL","8.01","2.96","7.93","7.93","7.93","7.93","0.00","7.93","","7,826","62,060.18"
"17/08/2026","KASA","2.30","1.20","2.00","2.00","1.90","1.90","-0.10","1.95","2.00","171,117","322,937.99"
"17/08/2026","MAC","5.20","5.20","5.20","5.20","5.20","5.20","0.00","5.20","","0","0.00"
"17/08/2026","MTNGH","7.15","4.20","7.04","7.04","7.03","7.03","-0.01","7.01","7.04","261,387","1,838,136.81"
"17/08/2026","PBC**","0.02","0.02","0.02","0.02","0.02","0.02","0.00","","","0","0.00"
"17/08/2026","RBGH","5.58","1.30","4.20","4.20","4.20","4.20","0.00","","4.20","2,655","11,151.00"
"17/08/2026","SCB","79.41","29.22","70.00","70.00","70.00","70.00","0.00","","69.90","350","24,465.00"
"17/08/2026","SIC","6.09","1.20","5.59","5.59","5.59","5.59","0.00","5.58","5.59","50,071","279,617.92"
"17/08/2026","SOGEGH","11.51","4.49","5.86","5.86","5.40","5.40","-0.46","5.37","5.40","35,308","190,663.20"
"17/08/2026","TBL","1.20","1.20","1.20","1.20","1.20","1.20","0.00","1.20","","0","0.00"
"17/08/2026","TOTAL","42.00","32.91","39.83","39.83","39.83","39.83","0.00","39.83","42.00","328","13,064.24"
"17/08/2026","TLW","13.11","11.92","13.11","13.11","13.11","13.11","0.00","13.11","","18","235.98"
"17/08/2026","UNIL","30.00","19.79","32.00","32.00","32.00","32.00","0.00","32.00","","10,161","325,152.00"
"17/08/2026","ZEN","12.61","5.00","11.00","11.00","11.00","11.00","0.00","11.00","11.40","469","5,159.00"
"17/08/2026","AADS","0.42","0.42","0.42","0.42","0.42","0.42","0.00","0.46","","0","0.00"
"17/08/2026","SCBPREF","0.99","0.90","0.99","0.99","0.99","0.99","0.00","0.99","","0","0.00"
"17/08/2026","GLD","533.93","466.72","462.39","462.39","462.39","462.39","0.00","462.39","","47","21,732.33"
"17/08/2026","SAMBA","0.55","0.55","0.55","0.55","0.55","0.55","0.00","0.56","","0","0.00"
"17/08/2026","MMH","0.11","0.10","0.11","0.11","0.11","0.11","0.00","0.12","","0","0.00"
"17/08/2026","HORDS","0.71","0.09","0.65","0.65","0.71","0.71","0.06","0.71","","26,923","18,965.33"
"17/08/2026","IIL","0.93","0.05","0.46","0.46","0.50","0.50","0.04","0.50","","193,096","96,548.00"
"17/08/2026","DIGICUT","0.14","0.09","0.13","0.13","0.14","0.14","0.01","0.14","","5,219","730.66"
"14/08/2026","ACCESS","46.64","16.20","31.49","31.49","31.49","31.49","0.00","","31.00","0","0.00"
"14/08/2026","ADB","5.30","5.06","5.30","5.30","5.30","5.30","0.00","5.30","","1","5.30"
"14/08/2026","AGA","37.00","37.00","37.00","37.00","37.00","37.00","0.00","40.70","","0","0.00"
"14/08/2026","**ALW**","0.10","0.10","0.10","0.10","0.10","0.10","0.00","","","0","0.00"
"14/08/2026","ASG","8.89","8.89","8.89","8.89","8.89","8.89","0.00","8.89","","5","44.45"
"14/08/2026","ALLGH","8.46","5.38","5.38","5.38","5.40","5.40","0.02","4.90","5.40","7,143","38,572.20"
"14/08/2026","BOPP","100.00","55.82","78.00","78.00","78.00","78.00","0.00","","77.00","1,002","77,414.00"
"14/08/2026","CAL","0.94","0.61","0.79","0.79","0.78","0.78","-0.01","0.77","0.79","538,525","421,446.42"
"14/08/2026","CLYD","6.50","0.46","5.98","5.98","6.50","6.50","0.52","5.98","","1,425","8,989.50"
"14/08/2026","CMLT","0.14","0.14","0.14","0.14","0.14","0.14","0.00","0.15","","0","0.00"
"14/08/2026","CPC","0.18","0.05","0.18","0.18","0.18","0.18","0.00","0.19","","0","0.00"
"14/08/2026","DASPHARMA","0.81","0.38","0.74","0.74","0.81","0.81","0.07","0.81","","33,070","26,786.70"
"14/08/2026","EGH","57.00","25.00","39.00","39.00","39.00","39.00","0.00","","39.00","2,810","109,594.00"
"14/08/2026","EGL","12.16","3.48","10.02","10.02","10.02","10.02","0.00","","10.02","20,730","207,684.60"
"14/08/2026","ETI","2.82","0.76","1.88","1.88","1.89","1.89","0.01","1.89","1.90","129,418","244,666.33"
"14/08/2026","FML","16.35","8.00","13.21","13.21","13.20","13.20","-0.01","13.21","14.00","5,300","69,993.00"
"14/08/2026","FAB","8.40","7.71","8.40","8.40","8.40","8.40","0.00","8.40","","0","0.00"
"14/08/2026","GCB","52.00","20.11","43.04","43.04","42.95","42.95","-0.09","39.00","42.90","8,105","348,287.74"
"14/08/2026","GGBL","16.50","6.60","11.88","11.88","11.88","11.88","0.00","","11.88","820","9,741.60"
"14/08/2026","GOIL","8.01","2.96","7.93","7.93","7.93","7.93","0.00","","7.93","143,988","1,141,824.84"
"14/08/2026","KASA","2.30","1.20","1.91","1.91","2.00","2.00","0.09","1.97","2.00","164,651","328,894.73"
"14/08/2026","MAC","5.20","5.20","5.20","5.20","5.20","5.20","0.00","5.20","","0","0.00"
"14/08/2026","MTNGH","7.15","4.20","7.05","7.05","7.04","7.04","-0.01","7.04","7.05","196,652","1,385,325.79"
"14/08/2026","PBC**","0.02","0.02","0.02","0.02","0.02","0.02","0.00","","","0","0.00"
"14/08/2026","RBGH","5.58","1.30","4.20","4.20","4.20","4.20","0.00","","4.20","1,158","4,863.60"
"14/08/2026","SCB","79.41","29.22","70.00","70.00","70.00","70.00","0.00","","69.90","238","16,636.20"
"14/08/2026","SIC","6.09","1.20","5.31","5.31","5.59","5.59","0.28","5.37","5.64","32,521","182,114.82"
"14/08/2026","SOGEGH","11.51","4.49","6.00","6.00","5.86","5.86","-0.14","5.40","6.00","11,207","66,245.20"
"14/08/2026","TBL","1.20","1.20","1.20","1.20","1.20","1.20","0.00","1.20","","2,666","3,199.20"
"14/08/2026","TOTAL","42.00","32.91","39.83","39.83","39.83","39.83","0.00","39.83","40.00","313","12,466.79"
"14/08/2026","TLW","13.11","11.92","13.11","13.11","13.11","13.11","0.00","13.11","","1","13.11"
"14/08/2026","UNIL","32.00","19.79","29.50","29.50","32.00","32.00","2.50","32.00","","774","24,430.50"
"14/08/2026","ZEN","12.61","5.00","11.00","11.00","11.00","11.00","0.00","11.00","11.40","11,651","128,161.00"
"14/08/2026","AADS","0.42","0.42","0.42","0.42","0.42","0.42","0.00","0.46","","0","0.00"
"14/08/2026","SCBPREF","0.99","0.90","0.99","0.99","0.99","0.99","0.00","0.99","","0","0.00"
"14/08/2026","GLD","533.93","466.72","462.39","462.39","462.39","462.39","0.00","462.39","","8","3,699.12"
"14/08/2026","SAMBA","0.55","0.55","0.55","0.55","0.55","0.55","0.00","0.55","","0","0.00"
"14/08/2026","MMH","0.11","0.10","0.11","0.11","0.11","0.11","0.00","0.12","","0","0.00"
"14/08/2026","HORDS","0.66","0.09","0.60","0.60","0.65","0.65","0.05","0.65","","499,628","296,755.86"
"14/08/2026","IIL","0.93","0.05","0.43","0.43","0.46","0.46","0.03","0.46","","216,943","99,279.84"
"14/08/2026","DIGICUT","0.13","0.09","0.12","0.12","0.13","0.13","0.01","0.13","","5,000","650.00"
"13/08/2026","ACCESS","46.64","16.20","31.49","31.49","31.49","31.49","0.00","","31.00","0","0.00"
"13/08/2026","ADB","5.30","5.06","5.30","5.30","5.30","5.30","0.00","5.30","","3","15.90"
"13/08/2026","AGA","37.00","37.00","37.00","37.00","37.00","37.00","0.00","40.70","","0","0.00"
"13/08/2026","**ALW**","0.10","0.10","0.10","0.10","0.10","0.10","0.00","","","0","0.00"
"13/08/2026","ASG","8.89","8.89","8.89","8.89","8.89","8.89","0.00","8.89","","0","0.00"
"13/08/2026","ALLGH","8.46","5.38","5.38","5.38","5.38","5.38","0.00","4.90","5.40","0","0.00"
"13/08/2026","BOPP","100.00","55.82","78.00","78.00","78.00","78.00","0.00","","77.00","30","2,340.00"
"13/08/2026","CAL","0.94","0.61","0.77","0.77","0.79","0.79","0.02","0.78","0.79","96,101","75,719.62"
"13/08/2026","CLYD","5.98","0.46","5.85","5.85","5.98","5.98","0.13","","5.85","66,635","398,361.90"
"13/08/2026","CMLT","0.14","0.14","0.14","0.14","0.14","0.14","0.00","0.15","","0","0.00"
"13/08/2026","CPC","0.18","0.05","0.18","0.18","0.18","0.18","0.00","0.19","","0","0.00"
"13/08/2026","DASPHARMA","0.74","0.38","0.68","0.68","0.74","0.74","0.06","0.74","","100,169","74,125.06"
"13/08/2026","EGH","57.00","25.00","39.00","39.00","39.00","39.00","0.00","39.00","42.85","138","5,382.00"
"13/08/2026","EGL","12.16","3.48","10.02","10.02","10.02","10.02","0.00","10.02","10.50","1,810","18,136.20"
"13/08/2026","ETI","2.82","0.76","1.89","1.89","1.88","1.88","-0.01","1.83","1.89","67,030","126,223.24"
"13/08/2026","FML","16.35","8.00","13.30","13.30","13.21","13.21","-0.09","13.30","14.00","10,321","136,048.60"
"13/08/2026","FAB","8.40","7.71","8.40","8.40","8.40","8.40","0.00","8.40","","16,000","134,400.00"
"13/08/2026","GCB","52.00","20.11","43.10","43.10","43.04","43.04","-0.06","42.90","43.10","10,245","441,000.30"
"13/08/2026","GGBL","16.50","6.60","11.88","11.88","11.88","11.88","0.00","","11.88","177","2,102.76"
"13/08/2026","GOIL","8.01","2.96","7.93","7.93","7.93","7.93","0.00","7.93","","828","6,566.04"
"13/08/2026","KASA","2.30","1.20","2.00","2.00","1.91","1.91","-0.09","2.00","2.01","142,992","274,448.09"
"13/08/2026","MAC","5.20","5.20","5.20","5.20","5.20","5.20","0.00","5.20","","7","36.40"
"13/08/2026","MTNGH","7.15","4.20","7.02","7.02","7.05","7.05","0.03","7.04","7.05","266,990","1,881,576.36"
"13/08/2026","PBC**","0.02","0.02","0.02","0.02","0.02","0.02","0.00","","","0","0.00"
"13/08/2026","RBGH","5.58","1.30","4.20","4.20","4.20","4.20","0.00","4.00","4.20","1,934","8,008.00"
"13/08/2026","SCB","79.41","29.22","70.00","70.00","70.00","70.00","0.00","","69.90","178","12,442.20"
"13/08/2026","SIC","6.09","1.20","5.12","5.12","5.31","5.31","0.19","5.62","","16,438","87,380.13"
"13/08/2026","SOGEGH","11.51","4.49","6.00","6.00","6.00","6.00","0.00","","6.00","4,561","27,366.00"
"13/08/2026","TBL","1.20","1.20","1.20","1.20","1.20","1.20","0.00","1.20","","0","0.00"
"13/08/2026","TOTAL","42.00","32.91","39.83","39.83","39.83","39.83","0.00","39.83","42.00","2,024","80,620.26"
"13/08/2026","TLW","13.11","11.92","13.11","13.11","13.11","13.11","0.00","13.11","","1","13.11"
"13/08/2026","UNIL","30.00","19.79","29.50","29.50","29.50","29.50","0.00","29.50","","997","29,411.50"
"13/08/2026","ZEN","12.61","5.00","11.00","11.00","11.00","11.00","0.00","11.00","","703","7,733.00"
"13/08/2026","AADS","0.42","0.42","0.42","0.42","0.42","0.42","0.00","0.46","","0","0.00"
"13/08/2026","SCBPREF","0.99","0.90","0.99","0.99","0.99","0.99","0.00","","","0","0.00"
"13/08/2026","GLD","533.93","466.72","462.39","462.39","462.39","462.39","0.00","462.39","","3","1,387.17"
"13/08/2026","SAMBA","0.55","0.55","0.55","0.55","0.55","0.55","0.00","0.55","","0","0.00"
"13/08/2026","MMH","0.11","0.10","0.11","0.11","0.11","0.11","0.00","0.11","","0","0.00"
"13/08/2026","HORDS","0.66","0.09","0.66","0.66","0.60","0.60","-0.06","","0.60","91,006","55,340.40"
"13/08/2026","IIL","0.93","0.05","0.40","0.40","0.43","0.43","0.03","0.43","","1,416,843","567,305.46"
"13/08/2026","DIGICUT","0.12","0.09","0.11","0.11","0.12","0.12","0.01","0.12","","5,000","600.00"
"12/08/2026","ACCESS","46.64","16.20","31.89","31.89","31.49","31.49","-0.40","","31.48","850","26,766.50"
"12/08/2026","ADB","5.30","5.06","5.30","5.30","5.30","5.30","0.00","5.30","","5","26.50"
"12/08/2026","AGA","37.00","37.00","37.00","37.00","37.00","37.00","0.00","40.70","","0","0.00"
"12/08/2026","**ALW**","0.10","0.10","0.10","0.10","0.10","0.10","0.00","","","0","0.00"
"12/08/2026","ASG","8.89","8.89","8.89","8.89","8.89","8.89","0.00","8.89","","0","0.00"
"12/08/2026","ALLGH","8.46","5.38","5.43","5.43","5.38","5.38","-0.05","4.90","5.40","8,387","45,157.30"
"12/08/2026","BOPP","100.00","55.82","78.00","78.00","78.00","78.00","0.00","","77.50","4","312.00"
"12/08/2026","CAL","0.94","0.61","0.79","0.79","0.77","0.77","-0.02","0.79","0.80","254,688","200,410.71"
"12/08/2026","CLYD","5.85","0.46","5.37","5.37","5.85","5.85","0.48","5.85","","1,682","9,752.34"
"12/08/2026","CMLT","0.14","0.14","0.14","0.14","0.14","0.14","0.00","0.15","","0","0.00"
"12/08/2026","CPC","0.18","0.05","0.18","0.18","0.18","0.18","0.00","0.19","","0","0.00"
"12/08/2026","DASPHARMA","0.68","0.38","0.62","0.62","0.68","0.68","0.06","0.68","","5,000","3,400.00"
"12/08/2026","EGH","57.00","25.00","39.00","39.00","39.00","39.00","0.00","39.00","","141","5,499.00"
"12/08/2026","EGL","12.16","3.48","10.02","10.02","10.02","10.02","0.00","10.00","10.02","2,138","21,422.76"
"12/08/2026","ETI","2.82","0.76","1.88","1.88","1.89","1.89","0.01","1.88","1.89","143,781","271,289.69"
"12/08/2026","FML","16.35","8.00","13.30","13.30","13.30","13.30","0.00","13.30","14.00","307","4,083.10"
"12/08/2026","FAB","8.40","7.71","8.40","8.40","8.40","8.40","0.00","8.40","","0","0.00"
"12/08/2026","GCB","52.00","20.11","43.10","43.10","43.10","43.10","0.00","","43.10","3,534","152,315.40"
"12/08/2026","GGBL","16.50","6.60","11.88","11.88","11.88","11.88","0.00","","11.88","766","9,100.08"
"12/08/2026","GOIL","8.01","2.96","7.93","7.93","7.93","7.93","0.00","7.93","","9,606","76,175.58"
"12/08/2026","KASA","2.30","1.20","1.99","1.99","2.00","2.00","0.01","1.99","2.00","175,402","350,241.01"
"12/08/2026","MAC","5.20","5.20","5.20","5.20","5.20","5.20","0.00","5.20","","0","0.00"
"12/08/2026","MTNGH","7.15","4.20","7.04","7.04","7.02","7.02","-0.02","7.04","7.05","221,324","1,554,977.85"
"12/08/2026","PBC**","0.02","0.02","0.02","0.02","0.02","0.02","0.00","","","0","0.00"
"12/08/2026","RBGH","5.58","1.30","4.20","4.20","4.20","4.20","0.00","4.00","4.20","4,181","17,560.20"
"12/08/2026","SCB","79.41","29.22","70.00","70.00","70.00","70.00","0.00","","69.90","480","33,552.00"
"12/08/2026","SIC","6.09","1.20","5.12","5.12","5.12","5.12","0.00","5.13","5.62","0","0.00"
"12/08/2026","SOGEGH","11.51","4.49","6.00","6.00","6.00","6.00","0.00","","6.00","4,673","28,038.00"
"12/08/2026","TBL","1.20","1.20","1.20","1.20","1.20","1.20","0.00","1.32","","0","0.00"
"12/08/2026","TOTAL","42.00","32.91","39.83","39.83","39.83","39.83","0.00","","39.83","949","37,798.67"
"12/08/2026","TLW","13.11","11.92","13.11","13.11","13.11","13.11","0.00","13.11","","4","52.44"
"12/08/2026","UNIL","30.00","19.79","29.50","29.50","29.50","29.50","0.00","","29.50","1,867","55,076.50"
"12/08/2026","ZEN","12.61","5.00","11.00","11.00","11.00","11.00","0.00","","11.00","18,763","206,402.31"
"12/08/2026","AADS","0.42","0.42","0.42","0.42","0.42","0.42","0.00","0.46","","0","0.00"
"12/08/2026","SCBPREF","0.99","0.90","0.99","0.99","0.99","0.99","0.00","","","0","0.00"
"12/08/2026","GLD","533.93","466.72","462.39","462.39","462.39","462.39","0.00","462.39","","4","1,849.56"
"12/08/2026","SAMBA","0.55","0.55","0.55","0.55","0.55","0.55","0.00","0.55","","0","0.00"
"12/08/2026","MMH","0.11","0.10","0.11","0.11","0.11","0.11","0.00","0.11","","0","0.00"
"12/08/2026","HORDS","0.66","0.09","0.66","0.66","0.66","0.66","0.00","0.66","0.72","19,331","12,758.46"
"12/08/2026","IIL","0.93","0.05","0.44","0.44","0.40","0.40","-0.04","","0.40","163,252","65,300.80"
"12/08/2026","DIGICUT","0.11","0.09","0.10","0.10","0.11","0.11","0.01","0.11","","5,523","607.53"
"11/08/2026","ACCESS","46.64","16.20","31.89","31.89","31.89","31.89","0.00","","31.50","2","63.78"
"11/08/2026","ADB","5.30","5.06","5.30","5.30","5.30","5.30","0.00","5.30","","1","5.30"
"11/08/2026","AGA","37.00","37.00","37.00","37.00","37.00","37.00","0.00","40.70","","0","0.00"
"11/08/2026","**ALW**","0.10","0.10","0.10","0.10","0.10","0.10","0.00","","","0","0.00"
"11/08/2026","ASG","8.89","8.89","8.89","8.89","8.89","8.89","0.00","8.89","","11","97.79"
"11/08/2026","ALLGH","8.46","5.43","5.43","5.43","5.43","5.43","0.00","4.90","5.41","485","2,629.85"
"11/08/2026","BOPP","100.00","55.82","79.99","79.99","78.00","78.00","-1.99","","79.99","12,500","975,000.00"
"11/08/2026","CAL","0.94","0.61","0.76","0.76","0.79","0.79","0.03","0.79","0.80","68,702","53,358.20"
"11/08/2026","CLYD","5.37","0.46","4.89","4.89","5.37","5.37","0.48","5.37","","5,011","26,909.07"
"11/08/2026","CMLT","0.14","0.14","0.14","0.14","0.14","0.14","0.00","0.15","","0","0.00"
"11/08/2026","CPC","0.18","0.05","0.18","0.18","0.18","0.18","0.00","0.19","","0","0.00"
"11/08/2026","DASPHARMA","0.62","0.38","0.57","0.57","0.62","0.62","0.05","0.62","","20,136","12,484.32"
"11/08/2026","EGH","57.00","25.00","39.00","39.00","39.00","39.00","0.00","39.00","","186","7,254.00"
"11/08/2026","EGL","12.16","3.48","10.02","10.02","10.02","10.02","0.00","10.02","10.50","3,154","31,603.08"
"11/08/2026","ETI","2.82","0.76","1.83","1.83","1.88","1.88","0.05","1.83","1.89","94,426","176,772.54"
"11/08/2026","FML","16.35","8.00","13.30","13.30","13.30","13.30","0.00","","13.30","16,709","222,229.70"
"11/08/2026","FAB","8.40","7.71","8.40","8.40","8.40","8.40","0.00","8.40","","0","0.00"
"11/08/2026","GCB","52.00","20.11","43.10","43.10","43.10","43.10","0.00","","43.10","12,950","558,145.00"
"11/08/2026","GGBL","16.50","6.60","11.88","11.88","11.88","11.88","0.00","","11.88","13,097","155,592.36"
"11/08/2026","GOIL","8.01","2.96","7.93","7.93","7.93","7.93","0.00","","7.93","7,150","56,699.50"
"11/08/2026","KASA","2.30","1.20","2.00","2.00","1.99","1.99","-0.01","1.98","2.00","211,600","422,234.81"
"11/08/2026","MAC","5.20","5.20","5.20","5.20","5.20","5.20","0.00","5.20","","0","0.00"
"11/08/2026","MTNGH","7.15","4.20","7.00","7.00","7.04","7.04","0.04","7.00","7.05","976,154","6,871,592.86"
"11/08/2026","PBC**","0.02","0.02","0.02","0.02","0.02","0.02","0.00","","","0","0.00"
"11/08/2026","RBGH","5.58","1.30","4.20","4.20","4.20","4.20","0.00","","4.20","6,484","27,232.80"
"11/08/2026","SCB","79.41","29.22","70.00","70.00","70.00","70.00","0.00","","69.90","3,401","237,729.90"
"11/08/2026","SIC","6.09","1.20","5.09","5.09","5.12","5.12","0.03","5.09","5.13","25,803","131,934.55"
"11/08/2026","SOGEGH","11.51","4.49","6.00","6.00","6.00","6.00","0.00","","6.00","7,299","43,794.00"
"11/08/2026","TBL","1.20","1.20","1.20","1.20","1.20","1.20","0.00","1.32","","0","0.00"
"11/08/2026","TOTAL","42.00","32.91","39.83","39.83","39.83","39.83","0.00","39.83","39.90","1,356","54,009.48"
"11/08/2026","TLW","13.11","11.92","13.11","13.11","13.11","13.11","0.00","13.11","","1,971","25,839.81"
"11/08/2026","UNIL","30.00","19.79","29.50","29.50","29.50","29.50","0.00","29.50","29.60","30,091","887,684.50"
"11/08/2026","ZEN","12.61","5.00","11.00","11.00","11.00","11.00","0.00","11.01","11.40","2,633","28,963.80"
"11/08/2026","AADS","0.42","0.42","0.42","0.42","0.42","0.42","0.00","0.46","","0","0.00"
"11/08/2026","SCBPREF","0.99","0.90","0.99","0.99","0.99","0.99","0.00","","","0","0.00"
"11/08/2026","GLD","533.93","466.72","462.39","462.39","462.39","462.39","0.00","462.39","","4","1,849.56"
"11/08/2026","SAMBA","0.55","0.55","0.55","0.55","0.55","0.55","0.00","0.55","","0","0.00"
"11/08/2026","MMH","0.11","0.10","0.11","0.11","0.11","0.11","0.00","0.11","","10,000","1,100.00"
"11/08/2026","HORDS","0.66","0.09","0.60","0.60","0.66","0.66","0.06","0.66","","17,084","11,009.82"
"11/08/2026","IIL","0.93","0.05","0.48","0.48","0.44","0.44","-0.04","","0.44","254,788","112,169.90"
"11/08/2026","DIGICUT","0.10","0.09","0.09","0.09","0.10","0.10","0.01","0.10","","14,477","1,447.70"
"10/08/2026","ACCESS","46.64","16.20","31.89","31.89","31.89","31.89","0.00","","31.50","78","2,457.00"
"10/08/2026","ADB","5.30","5.06","5.30","5.30","5.30","5.30","0.00","5.30","","0","0.00"
"10/08/2026","AGA","37.00","37.00","37.00","37.00","37.00","37.00","0.00","40.70","","0","0.00"
"10/08/2026","**ALW**","0.10","0.10","0.10","0.10","0.10","0.10","0.00","","","0","0.00"
"10/08/2026","ASG","8.89","8.89","8.89","8.89","8.89","8.89","0.00","8.89","","0","0.00"
"10/08/2026","ALLGH","8.46","5.43","5.43","5.43","5.43","5.43","0.00","","5.74","3,287","17,848.41"
"10/08/2026","BOPP","100.00","55.82","79.99","79.99","79.99","79.99","0.00","","79.99","0","0.00"
"10/08/2026","CAL","0.94","0.61","0.76","0.76","0.76","0.76","0.00","0.75","0.76","84,666","64,252.81"
"10/08/2026","CLYD","4.89","0.46","4.89","4.89","4.89","4.89","0.00","5.00","","3,184","15,569.76"
"10/08/2026","CMLT","0.14","0.14","0.14","0.14","0.14","0.14","0.00","0.15","","0","0.00"
"10/08/2026","CPC","0.18","0.05","0.18","0.18","0.18","0.18","0.00","0.19","","0","0.00"
"10/08/2026","DASPHARMA","0.57","0.38","0.52","0.52","0.57","0.57","0.05","0.52","","50,000","28,500.00"
"10/08/2026","EGH","57.00","25.00","39.00","39.00","39.00","39.00","0.00","39.00","","981","38,259.00"
"10/08/2026","EGL","12.16","3.48","10.03","10.03","10.02","10.02","-0.01","","10.03","16,769","168,025.38"
"10/08/2026","ETI","2.82","0.76","1.77","1.77","1.83","1.83","0.06","1.75","1.89","65,913","120,839.62"
"10/08/2026","FML","16.35","8.00","13.30","13.30","13.30","13.30","0.00","","13.30","8,799","117,026.70"
"10/08/2026","FAB","8.40","7.71","8.40","8.40","8.40","8.40","0.00","8.40","","0","0.00"
"10/08/2026","GCB","52.00","20.11","43.10","43.10","43.10","43.10","0.00","","43.10","12,033","518,641.80"
"10/08/2026","GGBL","16.50","6.60","11.88","11.88","11.88","11.88","0.00","","11.88","873","10,371.24"
"10/08/2026","GOIL","8.01","2.96","7.93","7.93","7.93","7.93","0.00","","7.93","5,770","45,756.10"
"10/08/2026","KASA","2.30","1.20","2.00","2.00","2.00","2.00","0.00","1.98","2.00","500,101","999,388.73"
"10/08/2026","MAC","5.20","5.20","5.20","5.20","5.20","5.20","0.00","5.20","","1","5.20"
"10/08/2026","MTNGH","7.15","4.20","7.00","7.00","7.00","7.00","0.00","7.00","7.10","611,499","4,280,296.25"
"10/08/2026","PBC**","0.02","0.02","0.02","0.02","0.02","0.02","0.00","","","0","0.00"
"10/08/2026","RBGH","5.58","1.30","4.20","4.20","4.20","4.20","0.00","","4.20","4,361","18,316.20"
"10/08/2026","SCB","79.41","29.22","70.00","70.00","70.00","70.00","0.00","","70.00","1,702","119,140.00"
"10/08/2026","SIC","6.09","1.20","4.79","4.79","5.09","5.09","0.30","4.80","5.13","37,785","192,438.02"
"10/08/2026","SOGEGH","11.51","4.49","6.00","6.00","6.00","6.00","0.00","6.00","6.65","13,471","80,826.00"
"10/08/2026","TBL","1.20","1.20","1.20","1.20","1.20","1.20","0.00","1.32","","0","0.00"
"10/08/2026","TOTAL","42.00","32.91","39.83","39.83","39.83","39.83","0.00","39.90","39.94","4,642","184,890.86"
"10/08/2026","TLW","13.11","11.92","13.11","13.11","13.11","13.11","0.00","13.11","","9","117.99"
"10/08/2026","UNIL","30.00","19.79","29.50","29.50","29.50","29.50","0.00","","29.50","326","9,616.12"
"10/08/2026","ZEN","12.61","5.00","11.00","11.00","11.00","11.00","0.00","10.00","11.00","620","6,820.00"
"10/08/2026","AADS","0.42","0.42","0.42","0.42","0.42","0.42","0.00","0.46","","0","0.00"
"10/08/2026","SCBPREF","0.99","0.90","0.99","0.99","0.99","0.99","0.00","0.99","","0","0.00"
"10/08/2026","GLD","533.93","466.72","462.39","462.39","462.39","462.39","0.00","462.39","","2","924.78"
"10/08/2026","SAMBA","0.55","0.55","0.55","0.55","0.55","0.55","0.00","0.55","","0","0.00"
"10/08/2026","MMH","0.11","0.10","0.11","0.11","0.11","0.11","0.00","0.11","","0","0.00"
"10/08/2026","HORDS","0.60","0.09","0.55","0.55","0.60","0.60","0.05","0.55","","44,937","26,962.20"
"10/08/2026","IIL","0.93","0.05","0.53","0.53","0.48","0.48","-0.05","","0.53","299,122","143,578.56"
"10/08/2026","DIGICUT","0.09","0.09","0.09","0.09","0.09","0.09","0.00","0.09","","1,070,000","96,320.00"
"07/08/2026","ACCESS","46.64","16.20","31.90","31.90","31.89","31.89","-0.01","","31.50","1,009","32,175.06"
"07/08/2026","ADB","5.30","5.06","5.30","5.30","5.30","5.30","0.00","5.30","","17","90.10"
"07/08/2026","AGA","37.00","37.00","37.00","37.00","37.00","37.00","0.00","40.70","","0","0.00"
"07/08/2026","**ALW**","0.10","0.10","0.10","0.10","0.10","0.10","0.00","","","0","0.00"
"07/08/2026","ASG","8.89","8.89","8.89","8.89","8.89","8.89","0.00","8.89","","0","0.00"
"07/08/2026","ALLGH","8.46","5.43","5.74","5.74","5.43","5.43","-0.31","","5.74","5,354","29,583.17"
"07/08/2026","BOPP","100.00","55.82","79.99","79.99","79.99","79.99","0.00","","79.99","3,150","251,968.50"
"07/08/2026","CAL","0.94","0.61","0.76","0.76","0.76","0.76","0.00","0.75","0.76","244,141","186,067.01"
"07/08/2026","CLYD","4.89","0.46","4.75","4.75","4.89","4.89","0.14","5.00","","4,066","19,863.50"
"07/08/2026","CMLT","0.14","0.14","0.14","0.14","0.14","0.14","0.00","0.15","","0","0.00"
"07/08/2026","CPC","0.18","0.05","0.18","0.18","0.18","0.18","0.00","0.19","","0","0.00"
"07/08/2026","DASPHARMA","0.52","0.38","0.48","0.48","0.52","0.52","0.04","0.52","","60,000","31,200.00"
"07/08/2026","EGH","57.00","25.00","39.00","39.00","39.00","39.00","0.00","39.00","","10,079","393,081.00"
"07/08/2026","EGL","12.16","3.48","10.03","10.03","10.03","10.03","0.00","","10.03","6,652","66,719.56"
"07/08/2026","ETI","2.82","0.76","1.73","1.73","1.77","1.77","0.04","1.75","1.89","199,707","353,845.79"
"07/08/2026","FML","16.35","8.00","13.30","13.30","13.30","13.30","0.00","","13.30","13,401","178,233.30"
"07/08/2026","FAB","8.40","7.71","8.40","8.40","8.40","8.40","0.00","8.40","","0","0.00"
"07/08/2026","GCB","52.00","20.11","43.10","43.10","43.10","43.10","0.00","","43.10","9,928","427,896.80"
"07/08/2026","GGBL","16.50","6.60","11.90","11.90","11.88","11.88","-0.02","","11.88","1,668","19,815.84"
"07/08/2026","GOIL","8.01","2.96","7.93","7.93","7.93","7.93","0.00","","7.93","21,500","170,495.00"
"07/08/2026","KASA","2.30","1.20","2.00","2.00","2.00","2.00","0.00","1.98","2.00","472,004","945,868.95"
"07/08/2026","MAC","5.20","5.20","5.20","5.20","5.20","5.20","0.00","5.20","","3","15.60"
"07/08/2026","MTNGH","7.15","4.20","7.00","7.00","7.00","7.00","0.00","7.00","7.10","620,559","4,343,265.19"
"07/08/2026","PBC**","0.02","0.02","0.02","0.02","0.02","0.02","0.00","","","0","0.00"
"07/08/2026","RBGH","5.58","1.30","4.20","4.20","4.20","4.20","0.00","","4.20","10,769","45,229.80"
"07/08/2026","SCB","79.41","29.22","70.00","70.00","70.00","70.00","0.00","","70.00","721","50,470.00"
"07/08/2026","SIC","6.09","1.20","4.67","4.67","4.79","4.79","0.12","4.80","5.13","74,266","361,116.70"
"07/08/2026","SOGEGH","11.51","4.49","6.65","6.65","6.00","6.00","-0.65","6.00","6.65","27,524","167,446.30"
"07/08/2026","TBL","1.20","1.20","1.20","1.20","1.20","1.20","0.00","1.32","","0","0.00"
"07/08/2026","TOTAL","42.00","32.91","39.94","39.94","39.83","39.83","-0.11","39.90","39.94","7,749","308,724.50"
"07/08/2026","TLW","13.11","11.92","13.11","13.11","13.11","13.11","0.00","13.11","","6","78.66"
"07/08/2026","UNIL","30.00","19.79","29.50","29.50","29.50","29.50","0.00","","29.50","85","2,507.50"
"07/08/2026","ZEN","12.61","5.00","11.00","11.00","11.00","11.00","0.00","10.00","11.00","17,247","189,717.00"
"07/08/2026","AADS","0.42","0.42","0.42","0.42","0.42","0.42","0.00","0.46","","0","0.00"
"07/08/2026","SCBPREF","0.99","0.90","0.99","0.99","0.99","0.99","0.00","0.99","","0","0.00"
"07/08/2026","GLD","533.93","466.72","462.39","462.39","462.39","462.39","0.00","462.39","","103","47,626.17"
"07/08/2026","SAMBA","0.55","0.55","0.55","0.55","0.55","0.55","0.00","0.55","","0","0.00"
"07/08/2026","MMH","0.11","0.10","0.11","0.11","0.11","0.11","0.00","0.11","","4","0.44"
"07/08/2026","HORDS","0.55","0.09","0.55","0.55","0.55","0.55","0.00","0.55","","758,523","387,462.25"
"07/08/2026","IIL","0.93","0.05","0.58","0.58","0.53","0.53","-0.05","","0.53","335,109","177,607.77"
"07/08/2026","DIGICUT","0.09","0.09","0.09","0.09","0.09","0.09","0.00","0.09","","0","0.00"
"06/08/2026","ACCESS","46.64","16.20","31.90","31.90","31.90","31.90","0.00","","31.89","16","510.24"
"06/08/2026","ADB","5.30","5.06","5.30","5.30","5.30","5.30","0.00","5.30","","0","0.00"
"06/08/2026","AGA","37.00","37.00","37.00","37.00","37.00","37.00","0.00","40.70","","5","203.50"
"06/08/2026","**ALW**","0.10","0.10","0.10","0.10","0.10","0.10","0.00","","","0","0.00"
"06/08/2026","ASG","8.89","8.89","8.89","8.89","8.89","8.89","0.00","8.89","","0","0.00"
"06/08/2026","ALLGH","8.46","5.74","5.74","5.74","5.74","5.74","0.00","","5.74","1,107","6,354.18"
"06/08/2026","BOPP","100.00","55.82","79.99","79.99","79.99","79.99","0.00","","80.00","2,047","163,739.53"
"06/08/2026","CAL","0.94","0.61","0.77","0.77","0.76","0.76","-0.01","0.76","0.77","123,687","95,048.99"
"06/08/2026","CLYD","4.75","0.46","4.75","4.75","4.75","4.75","0.00","4.75","","3,231","15,347.25"
"06/08/2026","CMLT","0.14","0.14","0.14","0.14","0.14","0.14","0.00","0.15","","0","0.00"
"06/08/2026","CPC","0.18","0.05","0.18","0.18","0.18","0.18","0.00","0.18","","104","18.72"
"06/08/2026","DASPHARMA","0.48","0.38","0.48","0.48","0.48","0.48","0.00","0.52","","223","115.96"
"06/08/2026","EGH","57.00","25.00","39.00","39.00","39.00","39.00","0.00","39.00","42.85","2,003","78,117.00"
"06/08/2026","EGL","12.16","3.48","10.03","10.03","10.03","10.03","0.00","10.03","","18,566","186,216.98"
"06/08/2026","ETI","2.82","0.76","1.73","1.73","1.73","1.73","0.00","1.73","1.75","56,361","97,504.53"
"06/08/2026","FML","16.35","8.00","13.30","13.30","13.30","13.30","0.00","13.30","14.00","501","6,663.30"
"06/08/2026","FAB","8.40","7.71","8.40","8.40","8.40","8.40","0.00","8.40","","0","0.00"
"06/08/2026","GCB","52.00","20.11","43.20","43.20","43.10","43.10","-0.10","","43.10","2,764","119,128.40"
"06/08/2026","GGBL","16.50","6.60","11.90","11.90","11.90","11.90","0.00","","11.89","29","344.81"
"06/08/2026","GOIL","8.01","2.96","7.93","7.93","7.93","7.93","0.00","","7.93","10,417","82,606.81"
"06/08/2026","KASA","2.30","1.20","2.00","2.00","2.00","2.00","0.00","2.00","2.01","40,052","80,036.12"
"06/08/2026","MAC","5.20","5.20","5.20","5.20","5.20","5.20","0.00","5.20","","0","0.00"
"06/08/2026","MTNGH","7.15","4.20","7.01","7.01","7.00","7.00","-0.01","6.90","7.00","280,157","1,961,940.80"
"06/08/2026","PBC**","0.02","0.02","0.02","0.02","0.02","0.02","0.00","","","0","0.00"
"06/08/2026","RBGH","5.58","1.30","4.20","4.20","4.20","4.20","0.00","4.20","4.25","10,483","44,028.60"
"06/08/2026","SCB","79.41","29.22","70.00","70.00","70.00","70.00","0.00","","70.00","111","7,770.00"
"06/08/2026","SIC","6.09","1.20","5.14","5.14","4.67","4.67","-0.47","4.64","5.00","45,977","216,621.78"
"06/08/2026","SOGEGH","11.51","4.49","6.65","6.65","6.65","6.65","0.00","","6.65","344","2,287.60"
"06/08/2026","TBL","1.20","1.20","1.20","1.20","1.20","1.20","0.00","1.32","","0","0.00"
"06/08/2026","TOTAL","42.00","32.91","39.94","39.94","39.94","39.94","0.00","","39.90","171","6,822.90"
"06/08/2026","TLW","13.11","11.92","13.11","13.11","13.11","13.11","0.00","13.11","","7","91.77"
"06/08/2026","UNIL","30.00","19.79","29.50","29.50","29.50","29.50","0.00","26.56","29.50","671","19,794.50"
"06/08/2026","ZEN","12.61","5.00","11.00","11.00","11.00","11.00","0.00","11.00","12.00","1,236","13,596.00"
"06/08/2026","AADS","0.42","0.42","0.42","0.42","0.42","0.42","0.00","0.46","","87","40.02"
"06/08/2026","SCBPREF","0.99","0.90","0.99","0.99","0.99","0.99","0.00","0.99","","0","0.00"
"06/08/2026","GLD","533.93","466.72","462.39","462.39","462.39","462.39","0.00","","462.39","1","462.39"
"06/08/2026","SAMBA","0.55","0.55","0.55","0.55","0.55","0.55","0.00","0.55","","0","0.00"
"06/08/2026","MMH","0.11","0.10","0.11","0.11","0.11","0.11","0.00","0.11","","0","0.00"
"06/08/2026","HORDS","0.55","0.09","0.50","0.50","0.55","0.55","0.05","0.55","","867,063","476,884.65"
"06/08/2026","IIL","0.93","0.05","0.64","0.64","0.58","0.58","-0.06","","0.58","16,121","9,350.18"
"06/08/2026","DIGICUT","0.09","0.09","0.09","0.09","0.09","0.09","0.00","0.09","","0","0.00"
"05/08/2026","ACCESS","46.64","16.20","31.90","31.90","31.90","31.90","0.00","","31.89","207","6,601.31"
"05/08/2026","ADB","5.30","5.06","5.30","5.30","5.30","5.30","0.00","5.30","","5","26.50"
"05/08/2026","AGA","37.00","37.00","37.00","37.00","37.00","37.00","0.00","40.70","","0","0.00"
"05/08/2026","**ALW**","0.10","0.10","0.10","0.10","0.10","0.10","0.00","","","0","0.00"
"05/08/2026","ASG","8.89","8.89","8.89","8.89","8.89","8.89","0.00","8.89","","0","0.00"
"05/08/2026","ALLGH","8.46","5.74","5.74","5.74","5.74","5.74","0.00","5.65","5.74","6,935","39,806.90"
"05/08/2026","BOPP","100.00","55.82","79.99","79.99","79.99","79.99","0.00","","79.50","48","3,816.00"
"05/08/2026","CAL","0.94","0.61","0.79","0.79","0.77","0.77","-0.02","0.76","0.78","617,326","477,629.44"
"05/08/2026","CLYD","4.75","0.46","4.75","4.75","4.75","4.75","0.00","4.75","","58","275.50"
"05/08/2026","CMLT","0.14","0.14","0.14","0.14","0.14","0.14","0.00","0.15","","0","0.00"
"05/08/2026","CPC","0.18","0.05","0.18","0.18","0.18","0.18","0.00","0.19","","2,440","463.60"
"05/08/2026","DASPHARMA","0.48","0.38","0.48","0.48","0.48","0.48","0.00","0.52","","0","0.00"
"05/08/2026","EGH","57.00","25.00","39.00","39.00","39.00","39.00","0.00","39.00","40.00","1,182","46,650.00"
"05/08/2026","EGL","12.16","3.48","10.03","10.03","10.03","10.03","0.00","10.00","10.03","2,825","28,334.75"
"05/08/2026","ETI","2.82","0.76","1.89","1.89","1.73","1.73","-0.16","","1.75","127,144","220,871.74"
"05/08/2026","FML","16.35","8.00","13.30","13.30","13.30","13.30","0.00","13.30","14.00","14,004","186,253.20"
"05/08/2026","FAB","8.40","7.71","8.40","8.40","8.40","8.40","0.00","8.40","","0","0.00"
"05/08/2026","GCB","52.00","20.11","43.20","43.20","43.20","43.20","0.00","","43.10","64,180","2,772,518.00"
"05/08/2026","GGBL","16.50","6.60","11.90","11.90","11.90","11.90","0.00","","11.90","957","11,388.30"
"05/08/2026","GOIL","8.01","2.96","7.96","7.96","7.93","7.93","-0.03","","7.96","8,615","68,250.92"
"05/08/2026","KASA","2.30","1.20","1.99","1.99","2.00","2.00","0.01","1.99","2.00","289,902","579,881.94"
"05/08/2026","MAC","5.20","5.20","5.20","5.20","5.20","5.20","0.00","5.20","","2","10.40"
"05/08/2026","MTNGH","7.15","4.20","7.10","7.10","7.01","7.01","-0.09","7.03","7.05","483,759","3,393,694.71"
"05/08/2026","PBC**","0.02","0.02","0.02","0.02","0.02","0.02","0.00","","","0","0.00"
"05/08/2026","RBGH","5.58","1.30","4.20","4.20","4.20","4.20","0.00","","4.20","1,832","7,694.40"
"05/08/2026","SCB","79.41","29.22","70.00","70.00","70.00","70.00","0.00","","70.00","12","840.00"
"05/08/2026","SIC","6.09","1.20","5.17","5.17","5.14","5.14","-0.03","5.00","5.17","21,018","108,374.06"
"05/08/2026","SOGEGH","11.51","4.49","6.80","6.80","6.65","6.65","-0.15","6.50","6.70","3,292","22,085.60"
"05/08/2026","TBL","1.20","1.20","1.20","1.20","1.20","1.20","0.00","1.32","","0","0.00"
"05/08/2026","TOTAL","42.00","32.91","39.94","39.94","39.94","39.94","0.00","","39.90","68","2,713.20"
"05/08/2026","TLW","13.11","11.92","13.11","13.11","13.11","13.11","0.00","13.11","","0","0.00"
"05/08/2026","UNIL","30.00","19.79","29.50","29.50","29.50","29.50","0.00","26.56","29.50","2,152","63,484.00"
"05/08/2026","ZEN","12.61","5.00","10.50","10.50","11.00","11.00","0.50","10.50","11.00","2,978","32,756.79"
"05/08/2026","AADS","0.42","0.42","0.42","0.42","0.42","0.42","0.00","0.46","","29","13.34"
"05/08/2026","SCBPREF","0.99","0.90","0.99","0.99","0.99","0.99","0.00","0.99","","2","1.98"
"05/08/2026","GLD","533.93","466.72","462.39","462.39","462.39","462.39","0.00","","462.39","4","1,849.56"
"05/08/2026","SAMBA","0.55","0.55","0.55","0.55","0.55","0.55","0.00","0.55","","0","0.00"
"05/08/2026","MMH","0.11","0.10","0.11","0.11","0.11","0.11","0.00","0.11","","6","0.66"
"05/08/2026","HORDS","0.50","0.09","0.46","0.46","0.50","0.50","0.04","0.50","","333,635","166,817.50"
"05/08/2026","IIL","0.93","0.05","0.71","0.71","0.64","0.64","-0.07","","0.64","295,788","189,304.32"
"05/08/2026","DIGICUT","0.09","0.09","0.09","0.09","0.09","0.09","0.00","0.09","","5","0.45"
"04/08/2026","ACCESS","46.64","16.20","31.90","31.90","31.90","31.90","0.00","","31.90","102","3,253.80"
"04/08/2026","ADB","5.30","5.06","5.30","5.30","5.30","5.30","0.00","5.30","","0","0.00"
"04/08/2026","AGA","37.00","37.00","37.00","37.00","37.00","37.00","0.00","40.70","","0","0.00"
"04/08/2026","**ALW**","0.10","0.10","0.10","0.10","0.10","0.10","0.00","","","0","0.00"
"04/08/2026","ASG","8.89","8.89","8.89","8.89","8.89","8.89","0.00","8.89","","0","0.00"
"04/08/2026","ALLGH","8.46","5.74","6.37","6.37","5.74","5.74","-0.63","","5.74","9,144","52,489.71"
"04/08/2026","BOPP","100.00","55.82","79.99","79.99","79.99","79.99","0.00","","79.50","0","0.00"
"04/08/2026","CAL","0.94","0.61","0.79","0.79","0.79","0.79","0.00","0.78","0.79","570,072","450,542.48"
"04/08/2026","CLYD","4.75","0.46","4.75","4.75","4.75","4.75","0.00","4.75","","1,404","6,669.00"
"04/08/2026","CMLT","0.14","0.14","0.14","0.14","0.14","0.14","0.00","0.15","","0","0.00"
"04/08/2026","CPC","0.18","0.05","0.18","0.18","0.18","0.18","0.00","0.19","","0","0.00"
"04/08/2026","DASPHARMA","0.48","0.38","0.48","0.48","0.48","0.48","0.00","0.52","","0","0.00"
"04/08/2026","EGH","57.00","25.00","39.00","39.00","39.00","39.00","0.00","39.00","42.00","95","3,705.00"
"04/08/2026","EGL","12.16","3.48","10.04","10.04","10.03","10.03","-0.01","10.03","","500","5,015.00"
"04/08/2026","ETI","2.82","0.76","1.90","1.90","1.89","1.89","-0.01","1.80","1.90","90,172","170,587.30"
"04/08/2026","FML","16.35","8.00","13.30","13.30","13.30","13.30","0.00","13.30","","2,247","29,885.10"
"04/08/2026","FAB","8.40","7.71","8.40","8.40","8.40","8.40","0.00","8.40","","0","0.00"
"04/08/2026","GCB","52.00","20.11","43.20","43.20","43.20","43.20","0.00","42.00","","85,325","3,685,840.80"
"04/08/2026","GGBL","16.50","6.60","11.91","11.91","11.90","11.90","-0.01","","11.90","1,723","20,503.78"
"04/08/2026","GOIL","8.01","2.96","7.96","7.96","7.96","7.96","0.00","","7.96","2,785","22,168.60"
"04/08/2026","KASA","2.30","1.20","2.00","2.00","1.99","1.99","-0.01","1.99","2.00","99,067","197,074.65"
"04/08/2026","MAC","5.20","5.20","5.20","5.20","5.20","5.20","0.00","5.20","","0","0.00"
"04/08/2026","MTNGH","7.15","4.20","7.09","7.09","7.10","7.10","0.01","7.05","7.08","3,785,268","26,856,515.10"
"04/08/2026","PBC**","0.02","0.02","0.02","0.02","0.02","0.02","0.00","","","0","0.00"
"04/08/2026","RBGH","5.58","1.30","4.20","4.20","4.20","4.20","0.00","3.80","4.20","1,449","6,085.80"
"04/08/2026","SCB","79.41","29.22","70.00","70.00","70.00","70.00","0.00","","70.00","394","27,580.00"
"04/08/2026","SIC","6.09","1.20","5.18","5.18","5.17","5.17","-0.01","5.00","5.17","31,460","162,651.51"
"04/08/2026","SOGEGH","11.51","4.49","6.80","6.80","6.80","6.80","0.00","6.20","6.80","1,541","10,478.80"
"04/08/2026","TBL","1.20","1.20","1.20","1.20","1.20","1.20","0.00","1.32","","0","0.00"
"04/08/2026","TOTAL","42.00","32.91","39.94","39.94","39.94","39.94","0.00","","39.94","15","598.50"
"04/08/2026","TLW","13.11","11.92","13.11","13.11","13.11","13.11","0.00","13.11","","21","275.31"
"04/08/2026","UNIL","30.00","19.79","29.50","29.50","29.50","29.50","0.00","29.51","","1,210","35,695.00"
"04/08/2026","ZEN","12.61","5.00","10.00","10.00","10.50","10.50","0.50","10.50","","569","5,940.00"
"04/08/2026","AADS","0.42","0.42","0.42","0.42","0.42","0.42","0.00","0.46","","0","0.00"
"04/08/2026","SCBPREF","0.99","0.90","0.99","0.99","0.99","0.99","0.00","","0.99","0","0.00"
"04/08/2026","GLD","533.93","466.72","462.39","462.39","462.39","462.39","0.00","","462.39","7","3,236.73"
"04/08/2026","SAMBA","0.55","0.55","0.55","0.55","0.55","0.55","0.00","0.55","","0","0.00"
"04/08/2026","MMH","0.11","0.10","0.11","0.11","0.11","0.11","0.00","0.11","","10","1.10"
"04/08/2026","HORDS","0.46","0.09","0.42","0.42","0.46","0.46","0.04","0.39","","5,482","2,521.72"
"04/08/2026","IIL","0.93","0.05","0.78","0.78","0.71","0.71","-0.07","","0.71","130,947","92,972.37"
"04/08/2026","DIGICUT","0.09","0.09","0.09","0.09","0.09","0.09","0.00","0.10","","1,000","90.00"
"03/08/2026","ACCESS","46.64","16.20","31.90","31.90","31.90","31.90","0.00","","31.90","2,507","79,973.30"
"03/08/2026","ADB","5.30","5.06","5.30","5.30","5.30","5.30","0.00","5.30","","7","37.10"
"03/08/2026","AGA","37.00","37.00","37.00","37.00","37.00","37.00","0.00","40.70","","0","0.00"
"03/08/2026","**ALW**","0.10","0.10","0.10","0.10","0.10","0.10","0.00","","","0","0.00"
"03/08/2026","ASG","8.89","8.89","8.89","8.89","8.89","8.89","0.00","8.89","","0","0.00"
"03/08/2026","ALLGH","8.46","6.12","6.37","6.37","6.37","6.37","0.00","","6.31","105","662.85"
"03/08/2026","BOPP","100.00","55.82","79.99","79.99","79.99","79.99","0.00","","79.99","0","0.00"
"03/08/2026","CAL","0.94","0.61","0.79","0.79","0.79","0.79","0.00","0.78","0.81","127,339","100,630.83"
"03/08/2026","CLYD","4.75","0.46","4.75","4.75","4.75","4.75","0.00","4.75","","9,617","45,680.75"
"03/08/2026","CMLT","0.14","0.14","0.14","0.14","0.14","0.14","0.00","0.15","","3","0.45"
"03/08/2026","CPC","0.18","0.05","0.17","0.17","0.18","0.18","0.01","0.18","","17,820","3,207.60"
"03/08/2026","DASPHARMA","0.48","0.38","0.44","0.44","0.48","0.48","0.04","0.48","","3,834","1,840.32"
"03/08/2026","EGH","57.00","25.00","39.00","39.00","39.00","39.00","0.00","39.00","","6,274","244,686.00"
"03/08/2026","EGL","12.16","3.48","10.04","10.04","10.04","10.04","0.00","","10.04","2,170","21,786.80"
"03/08/2026","ETI","2.82","0.76","1.93","1.93","1.90","1.90","-0.03","1.87","1.90","121,875","232,624.73"
"03/08/2026","FML","16.35","8.00","13.30","13.30","13.30","13.30","0.00","13.30","","2,442","32,478.60"
"03/08/2026","FAB","8.40","7.71","8.40","8.40","8.40","8.40","0.00","8.40","","5,000","42,000.00"
"03/08/2026","GCB","52.00","20.11","43.20","43.20","43.20","43.20","0.00","43.20","","3,264","141,004.80"
"03/08/2026","GGBL","16.50","6.60","11.91","11.91","11.91","11.91","0.00","","11.91","1,821","21,688.11"
"03/08/2026","GOIL","8.01","2.96","7.96","7.96","7.96","7.96","0.00","","7.96","13,148","104,658.08"
"03/08/2026","KASA","2.30","1.20","2.00","2.00","2.00","2.00","0.00","1.95","2.00","376,874","752,468.62"
"03/08/2026","MAC","5.20","5.20","5.20","5.20","5.20","5.20","0.00","5.20","","5,419","28,178.80"
"03/08/2026","MTNGH","7.15","4.20","7.14","7.14","7.09","7.09","-0.05","7.10","7.14","377,742","2,676,266.12"
"03/08/2026","PBC**","0.02","0.02","0.02","0.02","0.02","0.02","0.00","","","0","0.00"
"03/08/2026","RBGH","5.58","1.30","4.20","4.20","4.20","4.20","0.00","4.20","4.30","3,965","16,653.00"
"03/08/2026","SCB","79.41","29.22","70.00","70.00","70.00","70.00","0.00","","70.00","1,110","77,700.00"
"03/08/2026","SIC","6.09","1.20","5.74","5.74","5.18","5.18","-0.56","5.18","5.74","15,358","83,755.00"
"03/08/2026","SOGEGH","11.51","4.49","6.80","6.80","6.80","6.80","0.00","","6.80","4,901","33,326.80"
"03/08/2026","TBL","1.20","1.20","1.20","1.20","1.20","1.20","0.00","1.32","","0","0.00"
"03/08/2026","TOTAL","42.00","32.91","39.94","39.94","39.94","39.94","0.00","","39.94","36","1,436.40"
"03/08/2026","TLW","13.11","11.92","13.11","13.11","13.11","13.11","0.00","13.11","","5","65.55"
"03/08/2026","UNIL","30.00","19.79","29.50","29.50","29.50","29.50","0.00","29.51","","554","16,343.00"
"03/08/2026","ZEN","12.61","5.00","10.00","10.00","10.00","10.00","0.00","10.00","","289","2,890.00"
"03/08/2026","AADS","0.42","0.42","0.42","0.42","0.42","0.42","0.00","0.46","","0","0.00"
"03/08/2026","SCBPREF","0.99","0.90","0.99","0.99","0.99","0.99","0.00","0.90","0.99","0","0.00"
"03/08/2026","GLD","533.93","466.72","462.39","462.39","462.39","462.39","0.00","462.39","","41","18,957.99"
"03/08/2026","SAMBA","0.55","0.55","0.55","0.55","0.55","0.55","0.00","0.55","","0","0.00"
"03/08/2026","MMH","0.11","0.10","0.11","0.11","0.11","0.11","0.00","0.11","","9","0.99"
"03/08/2026","HORDS","0.42","0.09","0.39","0.39","0.42","0.42","0.03","0.39","","6,116","2,568.72"
"03/08/2026","IIL","0.93","0.05","0.84","0.84","0.78","0.78","-0.06","","0.84","322,821","252,606.52"
"03/08/2026","DIGICUT","0.09","0.09","0.09","0.09","0.09","0.09","0.00","0.10","","3","0.27"
"31/07/2026","ACCESS","46.64","16.20","31.90","31.90","31.90","31.90","0.00","","31.90","37","1,180.30"
"31/07/2026","ADB","5.30","5.06","5.30","5.30","5.30","5.30","0.00","5.30","","2","10.60"
"31/07/2026","AGA","37.00","37.00","37.00","37.00","37.00","37.00","0.00","40.70","","0","0.00"
"31/07/2026","**ALW**","0.10","0.10","0.10","0.10","0.10","0.10","0.00","","","0","0.00"
"31/07/2026","ASG","8.89","8.89","8.89","8.89","8.89","8.89","0.00","8.89","","1","8.89"
"31/07/2026","ALLGH","8.46","6.12","6.50","6.50","6.37","6.37","-0.13","","6.31","8,631","55,721.50"
"31/07/2026","BOPP","100.00","55.82","79.99","79.99","79.99","79.99","0.00","","79.99","26","2,079.74"
"31/07/2026","CAL","0.94","0.61","0.77","0.77","0.79","0.79","0.02","0.78","0.81","257,982","203,105.87"
"31/07/2026","CLYD","4.75","0.46","4.75","4.75","4.75","4.75","0.00","4.75","","2,320","11,020.00"
"31/07/2026","CMLT","0.14","0.14","0.14","0.14","0.14","0.14","0.00","0.15","","0","0.00"
"31/07/2026","CPC","0.17","0.05","0.17","0.17","0.17","0.17","0.00","0.18","","0","0.00"
"31/07/2026","DASPHARMA","0.44","0.38","0.44","0.44","0.44","0.44","0.00","0.48","","1,127","540.96"
"31/07/2026","EGH","57.00","25.00","39.00","39.00","39.00","39.00","0.00","39.00","","172","6,708.00"
"31/07/2026","EGL","12.16","3.48","10.04","10.04","10.04","10.04","0.00","","10.04","501","5,030.04"
"31/07/2026","ETI","2.82","0.76","1.95","1.95","1.93","1.93","-0.02","1.87","1.90","206,631","399,779.85"
"31/07/2026","FML","16.35","8.00","13.30","13.30","13.30","13.30","0.00","13.30","","1,627","21,639.10"
"31/07/2026","FAB","8.40","7.71","8.40","8.40","8.40","8.40","0.00","8.40","","0","0.00"
"31/07/2026","GCB","52.00","20.11","43.20","43.20","43.20","43.20","0.00","43.20","","31,583","1,364,385.60"
"31/07/2026","GGBL","16.50","6.60","11.91","11.91","11.91","11.91","0.00","","11.91","1,684","20,056.44"
"31/07/2026","GOIL","8.01","2.96","7.96","7.96","7.96","7.96","0.00","","7.96","2,446","19,470.16"
"31/07/2026","KASA","2.30","1.20","2.01","2.01","2.00","2.00","-0.01","1.95","2.00","770,329","1,541,498.35"
"31/07/2026","MAC","5.20","5.20","5.20","5.20","5.20","5.20","0.00","5.20","","0","0.00"
"31/07/2026","MTNGH","7.15","4.20","7.15","7.15","7.14","7.14","-0.01","7.10","7.14","416,363","2,974,997.04"
"31/07/2026","PBC**","0.02","0.02","0.02","0.02","0.02","0.02","0.00","","","0","0.00"
"31/07/2026","RBGH","5.58","1.30","4.20","4.20","4.20","4.20","0.00","4.20","4.30","9,543","40,080.60"
"31/07/2026","SCB","79.41","29.22","70.00","70.00","70.00","70.00","0.00","","70.00","127","8,890.00"
"31/07/2026","SIC","6.09","1.20","5.74","5.74","5.74","5.74","0.00","5.18","5.74","12,678","72,771.72"
"31/07/2026","SOGEGH","11.51","4.49","6.80","6.80","6.80","6.80","0.00","","6.80","4,150","28,220.00"
"31/07/2026","TBL","1.20","1.20","1.20","1.20","1.20","1.20","0.00","1.32","","4","5.28"
"31/07/2026","TOTAL","42.00","32.91","40.00","40.00","39.94","39.94","-0.06","","39.94","764","30,514.16"
"31/07/2026","TLW","13.11","11.92","13.11","13.11","13.11","13.11","0.00","13.11","","52","681.72"
"31/07/2026","UNIL","30.00","19.79","29.50","29.50","29.50","29.50","0.00","29.51","","210","6,195.00"
"31/07/2026","ZEN","12.61","5.00","10.00","10.00","10.00","10.00","0.00","10.00","","39","390.00"
"31/07/2026","AADS","0.42","0.42","0.42","0.42","0.42","0.42","0.00","0.46","","0","0.00"
"31/07/2026","SCBPREF","0.99","0.90","0.99","0.99","0.99","0.99","0.00","0.90","0.99","0","0.00"
"31/07/2026","GLD","533.93","466.72","462.39","462.39","462.39","462.39","0.00","462.39","","7","3,236.73"
"31/07/2026","SAMBA","0.55","0.55","0.55","0.55","0.55","0.55","0.00","0.55","","0","0.00"
"31/07/2026","MMH","0.11","0.10","0.11","0.11","0.11","0.11","0.00","0.11","","0","0.00"
"31/07/2026","HORDS","0.39","0.09","0.36","0.36","0.39","0.39","0.03","0.39","","144,322","56,285.58"
"31/07/2026","IIL","0.93","0.05","0.93","0.86","0.84","0.84","-0.09","","0.84","744,948","625,970.77"
"31/07/2026","DIGICUT","0.09","0.09","0.09","0.09","0.09","0.09","0.00","0.10","","0","0.00"
"30/07/2026","ACCESS","46.64","16.20","31.90","31.90","31.90","31.90","0.00","","31.90","1,027","32,761.30"
"30/07/2026","ADB","5.30","5.06","5.30","5.30","5.30","5.30","0.00","5.30","","0","0.00"
"30/07/2026","AGA","37.00","37.00","37.00","37.00","37.00","37.00","0.00","40.70","","0","0.00"
"30/07/2026","**ALW**","0.10","0.10","0.10","0.10","0.10","0.10","0.00","","","0","0.00"
"30/07/2026","ASG","8.89","8.89","8.89","8.89","8.89","8.89","0.00","8.89","","0","0.00"
"30/07/2026","ALLGH","8.46","6.12","7.00","7.00","6.50","6.50","-0.50","6.50","7.00","5,612","36,526.00"
"30/07/2026","BOPP","100.00","55.82","79.99","79.99","79.99","79.99","0.00","","79.99","0","0.00"
"30/07/2026","CAL","0.94","0.61","0.80","0.80","0.77","0.77","-0.03","0.76","0.77","221,179","170,233.16"
"30/07/2026","CLYD","4.75","0.46","4.66","4.66","4.75","4.75","0.09","4.66","4.75","1,200","5,700.00"
"30/07/2026","CMLT","0.14","0.14","0.14","0.14","0.14","0.14","0.00","0.15","","0","0.00"
"30/07/2026","CPC","0.17","0.05","0.17","0.17","0.17","0.17","0.00","0.18","","0","0.00"
"30/07/2026","DASPHARMA","0.44","0.38","0.44","0.44","0.44","0.44","0.00","0.48","","0","0.00"
"30/07/2026","EGH","57.00","25.00","39.00","39.00","39.00","39.00","0.00","39.00","","524","20,436.00"
"30/07/2026","EGL","12.16","3.48","10.04","10.04","10.04","10.04","0.00","10.04","","7,767","77,980.68"
"30/07/2026","ETI","2.82","0.76","1.95","1.95","1.95","1.95","0.00","1.80","1.95","43,494","84,813.30"
"30/07/2026","FML","16.35","8.00","13.30","13.30","13.30","13.30","0.00","13.30","","1,231","16,372.30"
"30/07/2026","FAB","8.40","7.71","8.40","8.40","8.40","8.40","0.00","8.40","","3,136","26,342.40"
"30/07/2026","GCB","52.00","20.11","43.20","43.20","43.20","43.20","0.00","43.19","43.20","410,047","17,714,022.76"
"30/07/2026","GGBL","16.50","6.60","11.91","11.91","11.91","11.91","0.00","","11.91","1,781","21,209.89"
"30/07/2026","GOIL","8.01","2.96","7.96","7.96","7.96","7.96","0.00","","7.96","4,414","35,135.44"
"30/07/2026","KASA","2.30","1.20","2.00","2.00","2.01","2.01","0.01","1.95","2.00","362,420","729,082.62"
"30/07/2026","MAC","5.20","5.20","5.20","5.20","5.20","5.20","0.00","5.20","","1","5.20"
"30/07/2026","MTNGH","7.15","4.20","7.06","7.06","7.15","7.15","0.09","7.10","7.15","336,154","2,402,392.33"
"30/07/2026","PBC**","0.02","0.02","0.02","0.02","0.02","0.02","0.00","","","0","0.00"
"30/07/2026","RBGH","5.58","1.30","4.20","4.20","4.20","4.20","0.00","4.20","4.22","12,137","50,975.40"
"30/07/2026","SCB","79.41","29.22","70.00","70.00","70.00","70.00","0.00","","70.00","36","2,520.00"
"30/07/2026","SIC","6.09","1.20","5.80","5.80","5.74","5.74","-0.06","0.00","5.70","16,847","96,773.98"
"30/07/2026","SOGEGH","11.51","4.49","6.96","6.96","6.80","6.80","-0.16","6.80","6.96","2,912","19,943.70"
"30/07/2026","TBL","1.20","1.20","1.20","1.20","1.20","1.20","0.00","1.32","","0","0.00"
"30/07/2026","TOTAL","42.00","32.91","40.12","40.12","40.00","40.00","-0.12","","39.99","2,227","89,077.43"
"30/07/2026","TLW","13.11","11.92","13.11","13.11","13.11","13.11","0.00","13.11","14.00","0","0.00"
"30/07/2026","UNIL","30.00","19.79","29.50","29.50","29.50","29.50","0.00","29.50","","10","295.00"
"30/07/2026","ZEN","12.61","5.00","10.00","10.00","10.00","10.00","0.00","10.00","","258","2,580.00"
"30/07/2026","AADS","0.42","0.42","0.42","0.42","0.42","0.42","0.00","0.46","","0","0.00"
"30/07/2026","SCBPREF","0.99","0.90","0.99","0.99","0.99","0.99","0.00","0.90","","0","0.00"
"30/07/2026","GLD","533.93","466.72","462.39","462.39","462.39","462.39","0.00","462.39","","36","16,646.04"
"30/07/2026","SAMBA","0.55","0.55","0.55","0.55","0.55","0.55","0.00","0.55","","0","0.00"
"30/07/2026","MMH","0.11","0.10","0.11","0.11","0.11","0.11","0.00","0.11","","0","0.00"
"30/07/2026","HORDS","0.36","0.09","0.33","0.33","0.36","0.36","0.03","0.36","","2,000","720.00"
"30/07/2026","IIL","0.93","0.05","0.86","0.86","0.93","0.93","0.07","0.86","","3,212,285","3,006,652.45"
"30/07/2026","DIGICUT","0.09","0.09","0.09","0.09","0.09","0.09","0.00","0.09","","0","0.00"
"29/07/2026","ACCESS","46.64","16.20","31.90","31.90","31.90","31.90","0.00","","31.90","606","19,331.40"
"29/07/2026","ADB","5.30","5.06","5.30","5.30","5.30","5.30","0.00","5.30","","0","0.00"
"29/07/2026","AGA","37.00","37.00","37.00","37.00","37.00","37.00","0.00","40.70","","0","0.00"
"29/07/2026","**ALW**","0.10","0.10","0.10","0.10","0.10","0.10","0.00","","","0","0.00"
"29/07/2026","ASG","8.89","8.89","8.89","8.89","8.89","8.89","0.00","8.89","","0","0.00"
"29/07/2026","ALLGH","8.46","6.12","7.00","7.00","7.00","7.00","0.00","6.60","7.00","517","3,618.60"
"29/07/2026","BOPP","100.00","55.82","79.99","79.99","79.99","79.99","0.00","79.99","80.00","20","1,599.80"
"29/07/2026","CAL","0.94","0.61","0.78","0.78","0.80","0.80","0.02","0.79","0.80","158,216","125,827.29"
"29/07/2026","CLYD","4.66","0.46","4.50","4.50","4.66","4.66","0.16","4.94","","7,024","33,154.60"
"29/07/2026","CMLT","0.14","0.14","0.14","0.14","0.14","0.14","0.00","0.15","","0","0.00"
"29/07/2026","CPC","0.17","0.05","0.17","0.17","0.17","0.17","0.00","0.18","","0","0.00"
"29/07/2026","DASPHARMA","0.44","0.38","0.44","0.44","0.44","0.44","0.00","0.48","","0","0.00"
"29/07/2026","EGH","57.00","25.00","39.00","39.00","39.00","39.00","0.00","39.00","","5,076","197,964.00"
"29/07/2026","EGL","12.16","3.48","10.03","10.03","10.04","10.04","0.01","10.03","10.04","551","5,531.86"
"29/07/2026","ETI","2.82","0.76","1.96","1.96","1.95","1.95","-0.01","1.90","1.96","77,249","151,102.56"
"29/07/2026","FML","16.35","8.00","13.30","13.30","13.30","13.30","0.00","13.30","","2,637","35,072.10"
"29/07/2026","FAB","8.40","7.71","8.40","8.40","8.40","8.40","0.00","8.40","","1,864","15,657.60"
"29/07/2026","GCB","52.00","20.11","43.20","43.20","43.20","43.20","0.00","43.20","","10,200","440,640.00"
"29/07/2026","GGBL","16.50","6.60","11.91","11.91","11.91","11.91","0.00","","11.91","217","2,584.47"
"29/07/2026","GOIL","8.01","2.96","7.96","7.96","7.96","7.96","0.00","","7.96","8,122","64,651.12"
"29/07/2026","KASA","2.30","1.20","2.01","2.01","2.00","2.00","-0.01","1.96","2.00","694,149","1,396,387.83"
"29/07/2026","MAC","5.20","5.20","5.20","5.20","5.20","5.20","0.00","5.20","","3,002","15,610.40"
"29/07/2026","MTNGH","7.00","4.20","7.06","7.06","7.06","7.06","0.00","7.06","7.10","16,774,652","118,429,833.83"
"29/07/2026","PBC**","0.02","0.02","0.02","0.02","0.02","0.02","0.00","","","0","0.00"
"29/07/2026","RBGH","5.58","1.30","4.18","4.18","4.20","4.20","0.02","","4.18","2,359","9,892.24"
"29/07/2026","SCB","79.41","29.22","70.00","70.00","70.00","70.00","0.00","","70.00","20","1,400.00"
"29/07/2026","SIC","6.09","1.20","5.80","5.80","5.80","5.80","0.00","5.70","5.80","7,641","44,217.80"
"29/07/2026","SOGEGH","11.51","4.49","6.96","6.96","6.96","6.96","0.00","6.80","6.96","2,566","17,859.36"
"29/07/2026","TBL","1.20","1.20","1.20","1.20","1.20","1.20","0.00","1.32","","0","0.00"
"29/07/2026","TOTAL","42.00","32.91","40.12","40.12","40.12","40.12","0.00","","40.00","97","3,880.00"
"29/07/2026","TLW","13.11","11.92","13.11","13.11","13.11","13.11","0.00","13.11","14.00","0","0.00"
"29/07/2026","UNIL","30.00","19.79","29.50","29.50","29.50","29.50","0.00","29.50","","87","2,566.50"
"29/07/2026","ZEN","12.61","5.00","10.00","10.00","10.00","10.00","0.00","10.00","","364","3,640.00"
"29/07/2026","AADS","0.42","0.42","0.42","0.42","0.42","0.42","0.00","0.46","","0","0.00"
"29/07/2026","SCBPREF","0.99","0.90","0.99","0.99","0.99","0.99","0.00","0.90","","0","0.00"
"29/07/2026","GLD","533.93","466.72","462.39","462.39","462.39","462.39","0.00","","462.39","3","1,387.17"
"29/07/2026","SAMBA","0.55","0.55","0.55","0.55","0.55","0.55","0.00","0.55","","0","0.00"
"29/07/2026","MMH","0.11","0.10","0.11","0.11","0.11","0.11","0.00","0.11","","0","0.00"
"29/07/2026","HORDS","0.33","0.09","0.30","0.30","0.33","0.33","0.03","0.30","","2,000","660.00"
"29/07/2026","IIL","0.86","0.05","0.79","0.79","0.86","0.86","0.07","0.86","","631,160","542,797.60"
"29/07/2026","DIGICUT","0.09","0.09","0.09","0.09","0.09","0.09","0.00","0.09","","0","0.00"
"28/07/2026","ACCESS","46.64","16.20","31.90","31.90","31.90","31.90","0.00","","31.90","319","10,176.10"
"28/07/2026","ADB","5.30","5.06","5.30","5.30","5.30","5.30","0.00","5.30","","0","0.00"
"28/07/2026","AGA","37.00","37.00","37.00","37.00","37.00","37.00","0.00","40.70","","0","0.00"
"28/07/2026","**ALW**","0.10","0.10","0.10","0.10","0.10","0.10","0.00","","","0","0.00"
"28/07/2026","ASG","8.89","8.89","8.89","8.89","8.89","8.89","0.00","8.89","","1","8.89"
"28/07/2026","ALLGH","8.46","6.12","7.00","7.00","7.00","7.00","0.00","6.50","7.00","2,323","16,261.00"
"28/07/2026","BOPP","100.00","55.82","79.99","79.99","79.99","79.99","0.00","79.99","","0","0.00"
"28/07/2026","CAL","0.94","0.61","0.79","0.79","0.78","0.78","-0.01","0.78","0.79","369,874","293,334.21"
"28/07/2026","CLYD","4.50","0.46","4.50","4.50","4.50","4.50","0.00","4.50","","8,605","38,722.50"
"28/07/2026","CMLT","0.14","0.14","0.14","0.14","0.14","0.14","0.00","0.15","","0","0.00"
"28/07/2026","CPC","0.17","0.05","0.16","0.16","0.17","0.17","0.01","0.17","","4,700","799.00"
"28/07/2026","DASPHARMA","0.44","0.38","0.44","0.44","0.44","0.44","0.00","0.48","","0","0.00"
"28/07/2026","EGH","57.00","25.00","38.49","38.49","39.00","39.00","0.51","39.00","0.00","5,829","227,322.84"
"28/07/2026","EGL","12.16","3.48","10.03","10.03","10.03","10.03","0.00","10.03","10.04","500","5,015.00"
"28/07/2026","ETI","2.82","0.76","1.96","1.96","1.96","1.96","0.00","1.80","1.96","95,343","187,007.40"
"28/07/2026","FML","16.35","8.00","13.30","13.30","13.30","13.30","0.00","13.30","","311","4,136.30"
"28/07/2026","FAB","8.40","7.71","8.40","8.40","8.40","8.40","0.00","8.00","8.40","136","1,142.40"
"28/07/2026","GCB","52.00","20.11","43.20","43.20","43.20","43.20","0.00","41.00","43.20","8,390","362,448.00"
"28/07/2026","GGBL","16.50","6.60","11.91","11.91","11.91","11.91","0.00","","11.91","808","9,623.28"
"28/07/2026","GOIL","8.01","2.96","7.96","7.96","7.96","7.96","0.00","","7.96","6,870","54,685.20"
"28/07/2026","KASA","2.30","1.20","2.03","2.03","2.01","2.01","-0.02","1.95","2.01","252,569","508,042.13"
"28/07/2026","MAC","5.20","5.20","5.20","5.20","5.20","5.20","0.00","5.20","","0","0.00"
"28/07/2026","MTNGH","7.00","4.20","7.06","7.06","7.06","7.06","0.00","7.00","7.06","590,619","4,175,477.74"
"28/07/2026","PBC**","0.02","0.02","0.02","0.02","0.02","0.02","0.00","","","0","0.00"
"28/07/2026","RBGH","5.58","1.30","4.32","4.32","4.18","4.18","-0.14","","4.05","8,958","37,459.20"
"28/07/2026","SCB","79.41","29.22","70.00","70.00","70.00","70.00","0.00","","70.00","20","1,400.00"
"28/07/2026","SIC","6.09","1.20","5.98","5.98","5.80","5.80","-0.18","","5.80","139,463","809,337.66"
"28/07/2026","SOGEGH","11.51","4.49","6.96","6.96","6.96","6.96","0.00","","6.96","6,632","46,158.72"
"28/07/2026","TBL","1.20","1.20","1.20","1.20","1.20","1.20","0.00","1.32","","0","0.00"
"28/07/2026","TOTAL","42.00","32.91","40.12","40.12","40.12","40.12","0.00","","40.00","4,090","164,090.80"
"28/07/2026","TLW","13.11","11.92","13.11","13.11","13.11","13.11","0.00","13.11","","3","39.33"
"28/07/2026","UNIL","30.00","19.79","29.50","29.50","29.50","29.50","0.00","29.50","","184","5,428.00"
"28/07/2026","ZEN","12.61","5.00","10.00","10.00","10.00","10.00","0.00","10.00","","2,052","20,520.00"
"28/07/2026","AADS","0.42","0.42","0.42","0.42","0.42","0.42","0.00","0.46","","0","0.00"
"28/07/2026","SCBPREF","0.99","0.90","0.99","0.99","0.99","0.99","0.00","0.90","","0","0.00"
"28/07/2026","GLD","533.93","466.72","462.39","462.39","462.39","462.39","0.00","","462.39","0","0.00"
"28/07/2026","SAMBA","0.55","0.55","0.55","0.55","0.55","0.55","0.00","0.55","","0","0.00"
"28/07/2026","MMH","0.11","0.10","0.11","0.11","0.11","0.11","0.00","0.11","","0","0.00"
"28/07/2026","HORDS","0.30","0.09","0.28","0.28","0.30","0.30","0.02","0.30","","202,250","60,675.00"
"28/07/2026","IIL","0.79","0.05","0.72","0.72","0.79","0.79","0.07","0.79","","563,938","445,511.02"
"28/07/2026","DIGICUT","0.09","0.09","0.09","0.09","0.09","0.09","0.00","0.09","","1","0.09"
"27/07/2026","ACCESS","46.64","16.20","31.90","31.90","31.90","31.90","0.00","31.00","31.90","548","17,481.20"
"27/07/2026","ADB","5.30","5.06","5.30","5.30","5.30","5.30","0.00","5.30","","101","535.30"
"27/07/2026","AGA","37.00","37.00","37.00","37.00","37.00","37.00","0.00","40.70","","0","0.00"
"27/07/2026","**ALW**","0.10","0.10","0.10","0.10","0.10","0.10","0.00","","","0","0.00"
"27/07/2026","ASG","8.89","8.89","8.89","8.89","8.89","8.89","0.00","8.89","","1","8.89"
"27/07/2026","ALLGH","8.46","6.12","7.00","7.00","7.00","7.00","0.00","","6.89","13","89.57"
"27/07/2026","BOPP","100.00","55.82","79.99","79.99","79.99","79.99","0.00","","79.99","0","0.00"
"27/07/2026","CAL","0.94","0.61","0.80","0.80","0.79","0.79","-0.01","0.78","0.79","240,015","189,856.49"
"27/07/2026","CLYD","4.50","0.46","4.50","4.50","4.50","4.50","0.00","4.50","","12,229","55,050.50"
"27/07/2026","CMLT","0.14","0.14","0.14","0.14","0.14","0.14","0.00","0.15","","0","0.00"
"27/07/2026","CPC","0.16","0.05","0.16","0.16","0.16","0.16","0.00","0.17","","0","0.00"
"27/07/2026","DASPHARMA","0.44","0.38","0.44","0.44","0.44","0.44","0.00","0.48","","1,000","440.00"
"27/07/2026","EGH","57.00","25.00","38.32","38.32","38.49","38.49","0.17","38.32","39.00","32,704","1,258,692.84"
"27/07/2026","EGL","12.16","3.48","10.04","10.04","10.03","10.03","-0.01","","10.02","18,544","186,065.17"
"27/07/2026","ETI","2.82","0.76","1.97","1.97","1.96","1.96","-0.01","1.96","1.98","174,827","343,269.63"
"27/07/2026","FML","16.35","8.00","13.30","13.30","13.30","13.30","0.00","13.30","","3,578","47,587.40"
"27/07/2026","FAB","8.40","7.71","8.40","8.40","8.40","8.40","0.00","8.00","9.24","0","0.00"
"27/07/2026","GCB","52.00","20.11","43.20","43.20","43.20","43.20","0.00","41.00","43.20","8,476","366,163.20"
"27/07/2026","GGBL","16.50","6.60","11.95","11.95","11.91","11.91","-0.04","","11.91","1,256","14,973.20"
"27/07/2026","GOIL","8.01","2.96","7.96","7.96","7.96","7.96","0.00","","7.96","16,531","131,586.76"
"27/07/2026","KASA","2.30","1.20","2.01","2.01","2.03","2.03","0.02","1.98","2.00","249,432","505,012.49"
"27/07/2026","MAC","5.20","5.20","5.20","5.20","5.20","5.20","0.00","5.20","","1,322","6,874.40"
"27/07/2026","MTNGH","7.00","4.20","7.00","7.00","7.06","7.06","0.06","7.10","7.15","463,114","3,272,538.30"
"27/07/2026","PBC**","0.02","0.02","0.02","0.02","0.02","0.02","0.00","","","0","0.00"
"27/07/2026","RBGH","5.58","1.30","4.32","4.32","4.32","4.32","0.00","4.32","4.34","3,389","14,660.48"
"27/07/2026","SCB","79.41","29.22","70.00","70.00","70.00","70.00","0.00","","70.00","107","7,490.00"
"27/07/2026","SIC","6.09","1.20","6.00","6.00","5.98","5.98","-0.02","","5.80","34,450","205,622.80"
"27/07/2026","SOGEGH","11.51","4.49","7.00","7.00","6.96","6.96","-0.04","6.80","7.00","15,243","106,103.80"
"27/07/2026","TBL","1.20","1.20","1.20","1.20","1.20","1.20","0.00","1.32","","0","0.00"
"27/07/2026","TOTAL","42.00","32.91","40.00","40.00","40.12","40.12","0.12","40.00","42.00","10,295","413,072.00"
"27/07/2026","TLW","13.11","11.92","13.11","13.11","13.11","13.11","0.00","13.11","","1,000","13,110.00"
"27/07/2026","UNIL","30.00","19.79","29.50","29.50","29.50","29.50","0.00","27.00","29.50","789","23,275.50"
"27/07/2026","ZEN","12.61","5.00","10.00","10.00","10.00","10.00","0.00","10.00","","281","2,810.00"
"27/07/2026","AADS","0.42","0.42","0.42","0.42","0.42","0.42","0.00","0.46","","0","0.00"
"27/07/2026","SCBPREF","0.99","0.90","0.99","0.99","0.99","0.99","0.00","0.90","","0","0.00"
"27/07/2026","GLD","533.93","466.72","462.39","462.39","462.39","462.39","0.00","","462.39","342","158,137.38"
"27/07/2026","SAMBA","0.55","0.55","0.55","0.55","0.55","0.55","0.00","0.55","","0","0.00"
"27/07/2026","MMH","0.11","0.10","0.11","0.11","0.11","0.11","0.00","0.11","","1,002","110.22"
"27/07/2026","HORDS","0.26","0.09","0.26","0.26","0.28","0.28","0.02","0.26","","2,000","560.00"
"27/07/2026","IIL","0.66","0.05","0.66","0.66","0.72","0.72","0.06","0.66","","503,668","362,640.96"
"27/07/2026","DIGICUT","0.09","0.09","0.09","0.09","0.09","0.09","0.00","0.09","","0","0.00"
"24/07/2026","ACCESS","46.64","16.20","31.90","31.90","31.90","31.90","0.00","30.00","31.90","820","26,158.00"
"24/07/2026","ADB","5.30","5.06","5.30","5.30","5.30","5.30","0.00","5.30","","0","0.00"
"24/07/2026","AGA","37.00","37.00","37.00","37.00","37.00","37.00","0.00","40.70","","0","0.00"
"24/07/2026","**ALW**","0.10","0.10","0.10","0.10","0.10","0.10","0.00","","","0","0.00"
"24/07/2026","ASG","8.89","8.89","8.89","8.89","8.89","8.89","0.00","8.89","","0","0.00"
"24/07/2026","ALLGH","8.46","6.12","7.00","7.00","7.00","7.00","0.00","","6.89","6,875","48,052.12"
"24/07/2026","BOPP","100.00","55.82","79.99","79.99","79.99","79.99","0.00","","79.50","271","21,587.13"
"24/07/2026","CAL","0.94","0.61","0.79","0.79","0.80","0.80","0.01","0.79","0.80","465,914","372,731.20"
"24/07/2026","CLYD","4.50","0.46","4.39","4.39","4.50","4.50","0.11","4.50","","2,638","11,904.80"
"24/07/2026","CMLT","0.14","0.14","0.14","0.14","0.14","0.14","0.00","0.15","","0","0.00"
"24/07/2026","CPC","0.16","0.05","0.15","0.15","0.16","0.16","0.01","0.16","","15,313","2,450.08"
"24/07/2026","DASPHARMA","0.44","0.38","0.44","0.44","0.44","0.44","0.00","0.48","","0","0.00"
"24/07/2026","EGH","57.00","25.00","38.05","38.05","38.32","38.32","0.27","38.05","38.06","6,029","230,761.74"
"24/07/2026","EGL","12.16","3.48","10.04","10.04","10.04","10.04","0.00","10.03","10.04","0","0.00"
"24/07/2026","ETI","2.82","0.76","1.95","1.95","1.97","1.97","0.02","1.96","2.00","115,786","229,108.35"
"24/07/2026","FML","16.35","8.00","13.30","13.30","13.30","13.30","0.00","13.30","","16,143","214,701.90"
"24/07/2026","FAB","8.40","7.71","8.40","8.40","8.40","8.40","0.00","8.00","9.24","0","0.00"
"24/07/2026","GCB","52.00","20.11","43.20","43.20","43.20","43.20","0.00","43.20","47.00","1,802","77,846.40"
"24/07/2026","GGBL","16.50","6.60","11.95","11.95","11.95","11.95","0.00","","11.95","2,610","31,189.50"
"24/07/2026","GOIL","8.01","2.96","7.96","7.96","7.96","7.96","0.00","7.96","","10,492","83,516.32"
"24/07/2026","KASA","2.30","1.20","2.03","2.03","2.01","2.01","-0.02","2.00","2.02","1,049,566","2,110,295.26"
"24/07/2026","MAC","5.20","5.20","5.20","5.20","5.20","5.20","0.00","5.20","","0","0.00"
"24/07/2026","MTNGH","7.00","4.20","6.98","6.98","7.00","7.00","0.02","7.00","7.20","903,387","6,323,717.10"
"24/07/2026","PBC**","0.02","0.02","0.02","0.02","0.02","0.02","0.00","","","0","0.00"
"24/07/2026","RBGH","5.58","1.30","4.20","4.20","4.32","4.32","0.12","4.34","4.40","40,566","175,348.04"
"24/07/2026","SCB","79.41","29.22","70.00","70.00","70.00","70.00","0.00","","70.00","115","8,050.00"
"24/07/2026","SIC","6.09","1.20","6.00","6.00","6.00","6.00","0.00","","6.00","28,587","171,522.00"
"24/07/2026","SOGEGH","11.51","4.49","6.80","6.80","7.00","7.00","0.20","6.80","7.00","28,089","196,623.00"
"24/07/2026","TBL","1.20","1.20","1.20","1.20","1.20","1.20","0.00","1.32","","0","0.00"
"24/07/2026","TOTAL","42.00","32.91","38.83","38.83","40.00","40.00","1.17","40.00","42.00","4,551","181,963.20"
"24/07/2026","TLW","13.11","11.92","13.11","13.11","13.11","13.11","0.00","13.11","14.00","12","157.32"
"24/07/2026","UNIL","30.00","19.79","29.50","29.50","29.50","29.50","0.00","29.50","","324","9,558.00"
"24/07/2026","ZEN","12.61","5.00","10.00","10.00","10.00","10.00","0.00","10.00","","334","3,340.00"
"24/07/2026","AADS","0.42","0.42","0.42","0.42","0.42","0.42","0.00","0.46","","0","0.00"
"24/07/2026","SCBPREF","0.99","0.90","0.99","0.99","0.99","0.99","0.00","0.90","","0","0.00"
"24/07/2026","GLD","533.93","466.72","462.39","462.39","462.39","462.39","0.00","","462.39","39","18,033.21"
"24/07/2026","SAMBA","0.55","0.55","0.55","0.55","0.55","0.55","0.00","0.55","","0","0.00"
"24/07/2026","MMH","0.11","0.10","0.11","0.11","0.11","0.11","0.00","0.11","","0","0.00"
"24/07/2026","HORDS","0.26","0.09","0.24","0.24","0.26","0.26","0.02","0.26","","10,000","2,600.00"
"24/07/2026","IIL","0.66","0.05","0.60","0.60","0.66","0.66","0.06","0.66","","500,500","330,330.00"
"24/07/2026","DIGICUT","0.09","0.09","0.09","0.09","0.09","0.09","0.00","0.09","","0","0.00"
"23/07/2026","ACCESS","46.64","16.20","31.90","31.90","31.90","31.90","0.00","","31.90","643","20,511.70"
"23/07/2026","ADB","5.30","5.06","5.30","5.30","5.30","5.30","0.00","5.30","","2","10.60"
"23/07/2026","AGA","37.00","37.00","37.00","37.00","37.00","37.00","0.00","40.70","","0","0.00"
"23/07/2026","**ALW**","0.10","0.10","0.10","0.10","0.10","0.10","0.00","","","0","0.00"
"23/07/2026","ASG","8.89","8.89","8.89","8.89","8.89","8.89","0.00","8.89","","0","0.00"
"23/07/2026","ALLGH","8.46","6.12","7.62","7.62","7.00","7.00","-0.62","","7.00","1,737","12,212.01"
"23/07/2026","BOPP","100.00","55.82","79.99","79.99","79.99","79.99","0.00","79.99","","0","0.00"
"23/07/2026","CAL","0.94","0.61","0.79","0.79","0.79","0.79","0.00","0.78","0.79","612,526","484,523.71"
"23/07/2026","CLYD","4.39","0.46","4.39","4.39","4.39","4.39","0.00","4.82","","1,000","4,390.00"
"23/07/2026","CMLT","0.14","0.14","0.14","0.14","0.14","0.14","0.00","0.15","","0","0.00"
"23/07/2026","CPC","0.15","0.05","0.15","0.15","0.15","0.15","0.00","0.16","","0","0.00"
"23/07/2026","DASPHARMA","0.44","0.38","0.44","0.44","0.44","0.44","0.00","0.48","","0","0.00"
"23/07/2026","EGH","57.00","25.00","38.00","38.00","38.05","38.05","0.05","","","31,108","1,184,150.00"
"23/07/2026","EGL","12.16","3.48","10.04","10.04","10.04","10.04","0.00","","10.04","0","0.00"
"23/07/2026","ETI","2.82","0.76","2.00","2.00","1.95","1.95","-0.05","1.81","2.00","111,805","217,811.39"
"23/07/2026","FML","16.35","8.00","13.30","13.30","13.30","13.30","0.00","12.00","13.30","1,953","25,974.90"
"23/07/2026","FAB","8.40","7.71","8.40","8.40","8.40","8.40","0.00","8.00","9.24","0","0.00"
"23/07/2026","GCB","52.00","20.11","42.77","42.77","43.20","43.20","0.43","","42.77","14,463","627,155.00"
"23/07/2026","GGBL","16.50","6.60","11.95","11.95","11.95","11.95","0.00","","11.95","1,409","16,837.55"
"23/07/2026","GOIL","8.01","2.96","7.96","7.96","7.96","7.96","0.00","7.96","","10,188","81,096.48"
"23/07/2026","KASA","2.30","1.20","2.06","2.06","2.03","2.03","-0.03","2.06","2.26","244,342","496,601.82"
"23/07/2026","MAC","5.20","5.20","5.20","5.20","5.20","5.20","0.00","5.20","","0","0.00"
"23/07/2026","MTNGH","6.98","4.20","6.80","6.80","6.98","6.98","0.18","7.00","7.13","824,406","5,759,794.30"
"23/07/2026","PBC**","0.02","0.02","0.02","0.02","0.02","0.02","0.00","","","0","0.00"
"23/07/2026","RBGH","5.58","1.30","4.08","4.08","4.20","4.20","0.12","4.20","","3,746","15,714.48"
"23/07/2026","SCB","79.41","29.22","70.00","70.00","70.00","70.00","0.00","","70.00","678","47,460.00"
"23/07/2026","SIC","6.09","1.20","6.00","6.00","6.00","6.00","0.00","","6.00","19,160","114,960.00"
"23/07/2026","SOGEGH","11.51","4.49","6.80","6.80","6.80","6.80","0.00","","6.80","11,470","77,996.00"
"23/07/2026","TBL","1.20","1.20","1.20","1.20","1.20","1.20","0.00","1.32","","0","0.00"
"23/07/2026","TOTAL","42.00","32.91","40.00","40.00","38.83","38.83","-1.17","39.99","40.00","6,635","259,438.60"
"23/07/2026","TLW","13.11","11.92","11.92","11.92","13.11","13.11","1.19","13.11","","1,000","13,110.00"
"23/07/2026","UNIL","30.00","19.79","29.50","29.50","29.50","29.50","0.00","","29.50","17","501.50"
"23/07/2026","ZEN","12.61","5.00","10.00","10.00","10.00","10.00","0.00","10.00","","325","3,250.00"
"23/07/2026","AADS","0.42","0.42","0.42","0.42","0.42","0.42","0.00","0.46","","0","0.00"
"23/07/2026","SCBPREF","0.99","0.90","0.99","0.99","0.99","0.99","0.00","0.90","","0","0.00"
"23/07/2026","GLD","533.93","466.72","462.39","462.39","462.39","462.39","0.00","462.39","","14","6,473.46"
"23/07/2026","SAMBA","0.55","0.55","0.55","0.55","0.55","0.55","0.00","0.55","","0","0.00"
"23/07/2026","MMH","0.11","0.10","0.11","0.11","0.11","0.11","0.00","0.11","","0","0.00"
"23/07/2026","HORDS","0.24","0.09","0.22","0.22","0.24","0.24","0.02","0.24","","2,002","480.48"
"23/07/2026","IIL","0.60","0.05","0.55","0.55","0.60","0.60","0.05","0.60","","20,000","12,000.00"
"23/07/2026","DIGICUT","0.09","0.09","0.09","0.09","0.09","0.09","0.00","0.09","","0","0.00"
"22/07/2026","ACCESS","46.64","16.20","31.90","31.90","31.90","31.90","0.00","","31.89","0","0.00"
"22/07/2026","ADB","5.30","5.06","5.30","5.30","5.30","5.30","0.00","5.30","","14","74.20"
"22/07/2026","AGA","37.00","37.00","37.00","37.00","37.00","37.00","0.00","40.70","","0","0.00"
"22/07/2026","**ALW**","0.10","0.10","0.10","0.10","0.10","0.10","0.00","","","0","0.00"
"22/07/2026","ASG","8.89","8.89","8.89","8.89","8.89","8.89","0.00","8.89","","0","0.00"
"22/07/2026","ALLGH","8.46","6.12","7.62","7.62","7.62","7.62","0.00","","7.62","8,736","66,568.32"
"22/07/2026","BOPP","100.00","55.82","80.00","80.00","79.99","79.99","-0.01","","79.50","700","55,993.00"
"22/07/2026","CAL","0.94","0.61","0.79","0.79","0.79","0.79","0.00","0.78","0.79","241,476","190,512.51"
"22/07/2026","CLYD","4.39","0.46","4.25","4.25","4.39","4.39","0.14","4.39","","105,941","464,765.96"
"22/07/2026","CMLT","0.14","0.14","0.14","0.14","0.14","0.14","0.00","0.15","","0","0.00"
"22/07/2026","CPC","0.15","0.05","0.15","0.15","0.15","0.15","0.00","0.16","","0","0.00"
"22/07/2026","DASPHARMA","0.44","0.38","0.44","0.44","0.44","0.44","0.00","0.48","","1,879","883.13"
"22/07/2026","EGH","57.00","25.00","38.00","38.00","38.00","38.00","0.00","38.00","","1,218","46,284.00"
"22/07/2026","EGL","12.16","3.48","10.04","10.04","10.04","10.04","0.00","","10.04","3,012","30,240.48"
"22/07/2026","ETI","2.82","0.76","2.00","2.00","2.00","2.00","0.00","1.96","2.00","119,959","239,918.00"
"22/07/2026","FML","16.35","8.00","13.30","13.30","13.30","13.30","0.00","13.30","","3,502","46,576.60"
"22/07/2026","FAB","8.40","7.71","8.40","8.40","8.40","8.40","0.00","8.40","9.24","105","970.20"
"22/07/2026","GCB","52.00","20.11","42.77","42.77","42.77","42.77","0.00","41.00","42.77","9,844","421,027.88"
"22/07/2026","GGBL","16.50","6.60","11.95","11.95","11.95","11.95","0.00","","11.95","40,684","486,173.80"
"22/07/2026","GOIL","8.01","2.96","7.96","7.96","7.96","7.96","0.00","7.96","","5,335","42,466.60"
"22/07/2026","KASA","2.30","1.20","2.13","2.13","2.06","2.06","-0.07","2.13","2.15","693,864","1,433,076.19"
"22/07/2026","MAC","5.20","5.20","5.20","5.20","5.20","5.20","0.00","5.20","","0","0.00"
"22/07/2026","MTNGH","6.80","4.20","6.69","6.69","6.80","6.80","0.11","6.80","6.90","291,825","1,983,924.88"
"22/07/2026","PBC**","0.02","0.02","0.02","0.02","0.02","0.02","0.00","","","0","0.00"
"22/07/2026","RBGH","5.58","1.30","4.08","4.08","4.08","4.08","0.00","4.08","4.11","2,735","11,158.95"
"22/07/2026","SCB","79.41","29.22","70.00","70.00","70.00","70.00","0.00","","70.00","699","48,930.00"
"22/07/2026","SIC","6.09","1.20","6.00","6.00","6.00","6.00","0.00","","6.00","24,228","145,368.00"
"22/07/2026","SOGEGH","11.51","4.49","6.80","6.80","6.80","6.80","0.00","","6.80","2,144","14,579.20"
"22/07/2026","TBL","1.20","1.20","1.20","1.20","1.20","1.20","0.00","1.32","","0","0.00"
"22/07/2026","TOTAL","42.00","32.91","40.00","40.00","40.00","40.00","0.00","","40.00","371","14,840.00"
"22/07/2026","TLW","11.92","11.92","11.92","11.92","11.92","11.92","0.00","11.92","","94","1,120.48"
"22/07/2026","UNIL","30.00","19.79","29.50","29.50","29.50","29.50","0.00","29.50","","65","1,917.50"
"22/07/2026","ZEN","12.61","5.00","11.00","11.00","10.00","10.00","-1.00","11.00","","854","8,632.00"
"22/07/2026","AADS","0.42","0.42","0.42","0.42","0.42","0.42","0.00","0.46","","0","0.00"
"22/07/2026","SCBPREF","0.99","0.90","0.99","0.99","0.99","0.99","0.00","0.90","","0","0.00"
"22/07/2026","GLD","533.93","466.72","462.39","462.39","462.39","462.39","0.00","462.39","","40","18,495.60"
"22/07/2026","SAMBA","0.55","0.55","0.55","0.55","0.55","0.55","0.00","0.55","","0","0.00"
"22/07/2026","MMH","0.11","0.10","0.11","0.11","0.11","0.11","0.00","0.11","","40,000","4,400.00"
"22/07/2026","HORDS","0.22","0.09","0.19","0.19","0.22","0.22","0.03","0.22","","3,016","663.52"
"22/07/2026","IIL","0.55","0.05","0.50","0.50","0.55","0.55","0.05","0.55","","41,800","22,990.00"
"22/07/2026","DIGICUT","0.09","0.09","0.09","0.09","0.09","0.09","0.00","0.09","","45,418","4,087.62"
"21/07/2026","ACCESS","46.64","16.20","31.90","31.90","31.90","31.90","0.00","","31.89","2","63.80"
"21/07/2026","ADB","5.30","5.06","5.30","5.30","5.30","5.30","0.00","5.30","","5","26.50"
"21/07/2026","AGA","37.00","37.00","37.00","37.00","37.00","37.00","0.00","40.70","","0","0.00"
"21/07/2026","**ALW**","0.10","0.10","0.10","0.10","0.10","0.10","0.00","","","0","0.00"
"21/07/2026","ASG","8.89","8.89","8.89","8.89","8.89","8.89","0.00","8.89","","13","115.57"
"21/07/2026","ALLGH","8.46","6.12","8.46","8.46","7.62","7.62","-0.84","","7.62","5,392","41,087.04"
"21/07/2026","BOPP","100.00","55.82","80.00","80.00","80.00","80.00","0.00","","79.99","0","0.00"
"21/07/2026","CAL","0.94","0.61","0.80","0.80","0.79","0.79","-0.01","0.78","0.79","115,273","91,721.97"
"21/07/2026","CLYD","4.25","0.46","4.00","4.00","4.25","4.25","0.25","4.39","","37,699","157,444.40"
"21/07/2026","CMLT","0.14","0.14","0.14","0.14","0.14","0.14","0.00","0.15","","0","0.00"
"21/07/2026","CPC","0.15","0.05","0.15","0.15","0.15","0.15","0.00","0.16","","0","0.00"
"21/07/2026","DASPHARMA","0.44","0.38","0.41","0.41","0.44","0.44","0.03","0.44","","2,000","880.00"
"21/07/2026","EGH","57.00","25.00","37.00","37.00","38.00","38.00","1.00","38.00","","1,430","53,910.00"
"21/07/2026","EGL","12.16","3.48","10.04","10.04","10.04","10.04","0.00","","10.03","642","6,439.26"
"21/07/2026","ETI","2.82","0.76","2.06","2.06","2.00","2.00","-0.06","1.97","2.00","217,226","434,882.44"
"21/07/2026","FML","16.35","8.00","13.30","13.30","13.30","13.30","0.00","13.30","","406","5,399.80"
"21/07/2026","FAB","8.40","7.71","8.40","8.40","8.40","8.40","0.00","8.40","","3","27.72"
"21/07/2026","GCB","52.00","20.11","42.77","42.77","42.77","42.77","0.00","40.00","42.70","479","20,472.69"
"21/07/2026","GGBL","16.50","6.60","11.95","11.95","11.95","11.95","0.00","","11.95","1,526","18,235.70"
"21/07/2026","GOIL","8.01","2.96","7.97","7.97","7.96","7.96","-0.01","","7.96","20,943","166,723.47"
"21/07/2026","KASA","2.30","1.20","2.00","2.00","2.13","2.13","0.13","1.93","2.00","848,512","1,828,181.85"
"21/07/2026","MAC","5.20","5.20","5.20","5.20","5.20","5.20","0.00","5.20","","50","260.00"
"21/07/2026","MTNGH","6.80","4.20","6.57","6.57","6.69","6.69","0.12","6.71","6.80","2,334,986","15,631,235.91"
"21/07/2026","PBC**","0.02","0.02","0.02","0.02","0.02","0.02","0.00","","","0","0.00"
"21/07/2026","RBGH","5.58","1.30","4.05","4.05","4.08","4.08","0.03","4.09","4.11","27,431","111,918.79"
"21/07/2026","SCB","79.41","29.22","70.02","70.02","70.00","70.00","-0.02","","70.00","4,713","329,918.62"
"21/07/2026","SIC","6.09","1.20","6.00","6.00","6.00","6.00","0.00","","6.00","2,935","17,610.00"
"21/07/2026","SOGEGH","11.51","4.49","6.80","6.80","6.80","6.80","0.00","","6.80","3,427","23,303.60"
"21/07/2026","TBL","1.20","1.20","1.20","1.20","1.20","1.20","0.00","1.32","","0","0.00"
"21/07/2026","TOTAL","42.00","32.91","40.00","40.00","40.00","40.00","0.00","40.00","41.00","6,143","245,720.00"
"21/07/2026","TLW","11.92","11.92","11.92","11.92","11.92","11.92","0.00","11.92","","5","59.60"
"21/07/2026","UNIL","30.00","19.79","29.50","29.50","29.50","29.50","0.00","29.50","","625","18,437.50"
"21/07/2026","ZEN","12.61","5.00","11.00","11.00","11.00","11.00","0.00","10.00","","4,474","49,214.00"
"21/07/2026","AADS","0.42","0.42","0.42","0.42","0.42","0.42","0.00","0.46","","0","0.00"
"21/07/2026","SCBPREF","0.99","0.90","0.99","0.99","0.99","0.99","0.00","0.90","","0","0.00"
"21/07/2026","GLD","533.93","466.72","462.39","462.39","462.39","462.39","0.00","462.39","","0","0.00"
"21/07/2026","SAMBA","0.55","0.55","0.55","0.55","0.55","0.55","0.00","0.55","","0","0.00"
"21/07/2026","MMH","0.11","0.10","0.11","0.11","0.11","0.11","0.00","0.11","","17","1.87"
"21/07/2026","HORDS","0.19","0.09","0.19","0.19","0.19","0.19","0.00","0.20","","11,572","2,314.40"
"21/07/2026","IIL","0.50","0.05","0.46","0.46","0.50","0.50","0.04","0.50","","185,345","92,672.50"
"21/07/2026","DIGICUT","0.09","0.09","0.09","0.09","0.09","0.09","0.00","0.09","","0","0.00"
"20/07/2026","ACCESS","46.64","16.20","31.90","31.90","31.90","31.90","0.00","","31.89","2,151","68,616.90"
"20/07/2026","ADB","5.30","5.06","5.30","5.30","5.30","5.30","0.00","5.30","","0","0.00"
"20/07/2026","AGA","37.00","37.00","37.00","37.00","37.00","37.00","0.00","40.70","","0","0.00"
"20/07/2026","**ALW**","0.10","0.10","0.10","0.10","0.10","0.10","0.00","","","0","0.00"
"20/07/2026","ASG","8.89","8.89","8.89","8.89","8.89","8.89","0.00","8.89","","0","0.00"
"20/07/2026","ALLGH","8.46","6.12","8.46","8.46","8.46","8.46","0.00","","7.62","51","388.62"
"20/07/2026","BOPP","100.00","55.82","80.00","80.00","80.00","80.00","0.00","","79.99","1","80.00"
"20/07/2026","CAL","0.94","0.61","0.80","0.80","0.80","0.80","0.00","","0.80","259,556","207,644.80"
"20/07/2026","CLYD","4.00","0.46","4.00","4.00","4.00","4.00","0.00","","","3,939","15,756.00"
"20/07/2026","CMLT","0.14","0.14","0.14","0.14","0.14","0.14","0.00","0.15","","0","0.00"
"20/07/2026","CPC","0.15","0.05","0.15","0.15","0.15","0.15","0.00","0.16","","0","0.00"
"20/07/2026","DASPHARMA","0.41","0.38","0.41","0.41","0.41","0.41","0.00","0.44","","0","0.00"
"20/07/2026","EGH","57.00","25.00","37.00","37.00","37.00","37.00","0.00","","","6,754","249,898.00"
"20/07/2026","EGL","12.16","3.48","10.05","10.05","10.04","10.04","-0.01","","10.05","8,000","80,320.00"
"20/07/2026","ETI","2.82","0.76","2.07","2.07","2.06","2.06","-0.01","","2.06","1,000","2,060.00"
"20/07/2026","FML","16.35","8.00","13.30","13.30","13.30","13.30","0.00","","13.30","524","6,969.20"
"20/07/2026","FAB","8.40","7.71","8.40","8.40","8.40","8.40","0.00","8.40","","250","2,100.00"
"20/07/2026","GCB","52.00","20.11","42.78","42.78","42.77","42.77","-0.01","","42.77","14,757","631,168.20"
"20/07/2026","GGBL","16.50","6.60","11.95","11.95","11.95","11.95","0.00","","11.95","3","35.85"
"20/07/2026","GOIL","8.01","2.96","7.98","7.98","7.97","7.97","-0.01","7.97","7.98","1,319","10,515.62"
"20/07/2026","KASA","2.30","1.20","2.00","2.00","2.00","2.00","0.00","1.93","2.00","435,857","871,714.00"
"20/07/2026","MAC","5.20","5.20","5.20","5.20","5.20","5.20","0.00","","","997","5,184.40"
"20/07/2026","MTNGH","6.80","4.20","6.57","6.57","6.57","6.57","0.00","6.60","6.70","46,258","303,919.35"
"20/07/2026","PBC**","0.02","0.02","0.02","0.02","0.02","0.02","0.00","","","0","0.00"
"20/07/2026","RBGH","5.58","1.30","4.05","4.05","4.05","4.05","0.00","4.05","4.08","20,892","84,612.60"
"20/07/2026","SCB","79.41","29.22","70.02","70.02","70.02","70.02","0.00","","70.02","0","0.00"
"20/07/2026","SIC","6.09","1.20","6.00","6.00","6.00","6.00","0.00","","6.00","7,810","46,860.00"
"20/07/2026","SOGEGH","11.51","4.49","6.80","6.80","6.80","6.80","0.00","","6.80","25","170.00"
"20/07/2026","TBL","1.20","1.20","1.20","1.20","1.20","1.20","0.00","1.32","","0","0.00"
"20/07/2026","TOTAL","42.00","32.91","40.00","40.00","40.00","40.00","0.00","40.00","41.00","0","0.00"
"20/07/2026","TLW","11.92","11.92","11.92","11.92","11.92","11.92","0.00","","","0","0.00"
"20/07/2026","UNIL","30.00","19.79","29.50","29.50","29.50","29.50","0.00","","29.50","0","0.00"
"20/07/2026","ZEN","12.61","5.00","11.00","11.00","11.00","11.00","0.00","11.00","","0","0.00"
"20/07/2026","AADS","0.42","0.42","0.42","0.42","0.42","0.42","0.00","0.46","","0","0.00"
"20/07/2026","SCBPREF","0.99","0.90","0.99","0.99","0.99","0.99","0.00","0.90","","0","0.00"
"20/07/2026","GLD","533.93","466.72","462.39","462.39","462.39","462.39","0.00","","","0","0.00"
"20/07/2026","SAMBA","0.55","0.55","0.55","0.55","0.55","0.55","0.00","","","0","0.00"
"20/07/2026","MMH","0.11","0.10","0.11","0.11","0.11","0.11","0.00","","","0","0.00"
"20/07/2026","HORDS","0.19","0.09","0.18","0.18","0.19","0.19","0.01","0.19","","20,000","3,800.00"
"20/07/2026","IIL","0.46","0.05","0.42","0.42","0.46","0.46","0.04","0.46","","29,500","13,570.00"
"20/07/2026","DIGICUT","0.09","0.09","0.09","0.09","0.09","0.09","0.00","0.09","","0","0.00"
"17/07/2026","ACCESS","46.64","16.20","31.90","31.90","31.90","31.90","0.00","","31.89","0","0.00"
"17/07/2026","ADB","5.30","5.06","5.30","5.30","5.30","5.30","0.00","5.30","","2","10.60"
"17/07/2026","AGA","37.00","37.00","37.00","37.00","37.00","37.00","0.00","40.70","","0","0.00"
"17/07/2026","**ALW**","0.10","0.10","0.10","0.10","0.10","0.10","0.00","","","0","0.00"
"17/07/2026","ASG","8.89","8.89","8.89","8.89","8.89","8.89","0.00","8.89","","1","8.89"
"17/07/2026","ALLGH","8.46","6.12","8.46","8.46","8.45","8.46","0.00","","7.62","23","194.35"
"17/07/2026","BOPP","100.00","55.82","80.00","80.00","80.00","80.00","0.00","","80.00","2,534","202,720.00"
"17/07/2026","CAL","0.94","0.61","0.80","0.80","0.80","0.80","0.00","0.79","0.80","232,982","185,819.46"
"17/07/2026","CLYD","4.00","0.46","3.70","3.70","4.00","4.00","0.30","4.05","","1,998","7,992.00"
"17/07/2026","CMLT","0.14","0.14","0.14","0.14","0.14","0.14","0.00","0.15","","0","0.00"
"17/07/2026","CPC","0.15","0.05","0.15","0.15","0.15","0.15","0.00","0.16","","0","0.00"
"17/07/2026","DASPHARMA","0.41","0.38","0.41","0.41","0.41","0.41","0.00","0.44","","0","0.00"
"17/07/2026","EGH","57.00","25.00","37.00","37.00","37.00","37.00","0.00","37.00","38.50","10,077","372,948.00"
"17/07/2026","EGL","12.16","3.48","10.05","10.05","10.05","10.05","0.00","","10.05","13,004","130,690.20"
"17/07/2026","ETI","2.82","0.76","1.96","1.96","2.05","2.07","0.11","1.96","2.05","42,655","88,226.49"
"17/07/2026","FML","16.35","8.00","13.30","13.30","13.30","13.30","0.00","12.00","13.30","11,847","157,565.10"
"17/07/2026","FAB","8.40","7.71","8.40","8.40","8.40","8.40","0.00","8.40","","0","0.00"
"17/07/2026","GCB","52.00","20.11","42.77","42.77","42.77","42.78","0.01","","42.77","19,672","841,469.73"
"17/07/2026","GGBL","16.50","6.60","11.98","11.98","11.95","11.95","-0.03","","11.95","735","8,784.21"
"17/07/2026","GOIL","8.01","2.96","7.98","7.98","7.98","7.98","0.00","","7.98","109,030","870,059.40"
"17/07/2026","KASA","2.30","1.20","2.00","2.00","2.00","2.00","0.00","1.93","2.00","671,057","1,343,523.48"
"17/07/2026","MAC","5.20","5.20","5.20","5.20","5.20","5.20","0.00","5.20","","0","0.00"
"17/07/2026","MTNGH","6.80","4.20","6.59","6.59","6.57","6.57","-0.02","6.57","6.70","1,466,436","9,635,726.94"
"17/07/2026","PBC**","0.02","0.02","0.02","0.02","0.02","0.02","0.00","","","0","0.00"
"17/07/2026","RBGH","5.58","1.30","4.05","4.05","4.05","4.05","0.00","4.05","4.08","5,178","20,970.90"
"17/07/2026","SCB","79.41","29.22","70.10","70.10","70.10","70.02","-0.08","","70.10","11,731","821,437.00"
"17/07/2026","SIC","6.09","1.20","6.00","6.00","6.00","6.00","0.00","","6.00","7,247","43,482.00"
"17/07/2026","SOGEGH","11.51","4.49","6.80","6.80","6.80","6.80","0.00","6.60","6.80","1,505","10,234.00"
"17/07/2026","TBL","1.20","1.20","1.20","1.20","1.20","1.20","0.00","1.32","","0","0.00"
"17/07/2026","TOTAL","42.00","32.91","40.00","40.00","40.00","40.00","0.00","36.00","40.00","689","27,560.00"
"17/07/2026","TLW","11.92","11.92","11.92","11.92","11.92","11.92","0.00","11.92","","8","95.36"
"17/07/2026","UNIL","30.00","19.79","29.50","29.50","29.50","29.50","0.00","","29.50","2,141","63,159.50"
"17/07/2026","ZEN","12.61","5.00","11.00","11.00","11.00","11.00","0.00","11.00","","10,415","114,565.00"
"17/07/2026","AADS","0.42","0.42","0.42","0.42","0.42","0.42","0.00","0.46","","0","0.00"
"17/07/2026","SCBPREF","0.99","0.90","0.99","0.99","0.99","0.99","0.00","","","0","0.00"
"17/07/2026","GLD","533.93","466.72","462.39","462.39","462.39","462.39","0.00","462.39","","1,192","551,168.88"
"17/07/2026","SAMBA","0.55","0.55","0.55","0.55","0.55","0.55","0.00","0.55","","0","0.00"
"17/07/2026","MMH","0.11","0.10","0.11","0.11","0.11","0.11","0.00","0.11","","9","0.99"
"17/07/2026","HORDS","0.18","0.09","0.17","0.17","0.18","0.18","0.01","0.18","","2,065","371.70"
"17/07/2026","IIL","0.42","0.05","0.39","0.39","0.42","0.42","0.03","0.42","","158,133","66,415.86"
"17/07/2026","DIGICUT","0.09","0.09","0.09","0.09","0.09","0.09","0.00","0.09","","0","0.00"
"16/07/2026","ACCESS","46.64","16.20","31.90","31.90","31.90","31.90","0.00","","31.89","6","191.34"
"16/07/2026","ADB","5.30","5.06","5.30","5.30","5.30","5.30","0.00","5.30","","0","0.00"
"16/07/2026","AGA","37.00","37.00","37.00","37.00","37.00","37.00","0.00","40.70","","0","0.00"
"16/07/2026","**ALW**","0.10","0.10","0.10","0.10","0.10","0.10","0.00","","","0","0.00"
"16/07/2026","ASG","8.89","8.89","8.89","8.89","8.89","8.89","0.00","8.89","","1","8.89"
"16/07/2026","ALLGH","8.46","6.12","8.46","8.46","8.46","8.46","0.00","","8.45","300","2,535.00"
"16/07/2026","BOPP","100.00","55.82","79.99","79.99","80.00","80.00","0.01","","80.00","11,884","950,705.06"
"16/07/2026","CAL","0.94","0.61","0.80","0.80","0.80","0.80","0.00","0.79","0.80","296,164","236,931.20"
"16/07/2026","CLYD","3.70","0.46","3.70","3.70","3.70","3.70","0.00","3.73","","426","1,576.32"
"16/07/2026","CMLT","0.14","0.14","0.14","0.14","0.14","0.14","0.00","0.15","","0","0.00"
"16/07/2026","CPC","0.15","0.05","0.15","0.15","0.15","0.15","0.00","0.16","","0","0.00"
"16/07/2026","DASPHARMA","0.41","0.38","0.41","0.41","0.41","0.41","0.00","0.44","","0","0.00"
"16/07/2026","EGH","57.00","25.00","36.79","36.79","37.00","37.00","0.21","37.00","38.00","13,000","479,139.95"
"16/07/2026","EGL","12.16","3.48","10.05","10.05","10.05","10.05","0.00","","10.05","12,077","121,373.85"
"16/07/2026","ETI","2.82","0.76","2.06","2.06","1.96","1.96","-0.10","1.95","2.00","69,222","135,356.62"
"16/07/2026","FML","16.35","8.00","13.30","13.30","13.30","13.30","0.00","13.30","","1,234","16,412.20"
"16/07/2026","FAB","8.40","7.71","8.40","8.40","8.40","8.40","0.00","8.40","","0","0.00"
"16/07/2026","GCB","52.00","20.11","42.77","42.77","42.77","42.77","0.00","","41.00","18,526","790,938.57"
"16/07/2026","GGBL","16.50","6.60","11.98","11.98","11.98","11.98","0.00","","11.98","59,123","708,293.54"
"16/07/2026","GOIL","8.01","2.96","7.98","7.98","7.98","7.98","0.00","7.98","","23,829","190,155.42"
"16/07/2026","KASA","2.30","1.20","2.02","2.02","2.00","2.00","-0.02","1.91","2.00","1,105,197","2,210,264.19"
"16/07/2026","MAC","5.20","5.20","5.20","5.20","5.20","5.20","0.00","5.20","","0","0.00"
"16/07/2026","MTNGH","6.80","4.20","6.47","6.47","6.59","6.59","0.12","6.59","6.60","191,493","1,261,658.50"
"16/07/2026","PBC**","0.02","0.02","0.02","0.02","0.02","0.02","0.00","","","0","0.00"
"16/07/2026","RBGH","5.58","1.30","4.00","4.00","4.05","4.05","0.05","4.05","4.08","20,160","81,628.15"
"16/07/2026","SCB","79.41","29.22","70.90","70.90","70.10","70.10","-0.80","70.00","70.80","17,843","1,250,590.00"
"16/07/2026","SIC","6.09","1.20","6.00","6.00","6.00","6.00","0.00","","6.00","149,911","899,466.00"
"16/07/2026","SOGEGH","11.51","4.49","6.80","6.80","6.80","6.80","0.00","","6.80","1,995","13,566.00"
"16/07/2026","TBL","1.20","1.20","1.20","1.20","1.20","1.20","0.00","1.32","","0","0.00"
"16/07/2026","TOTAL","42.00","32.91","42.00","42.00","40.00","40.00","-2.00","40.00","42.00","5,625","225,000.00"
"16/07/2026","TLW","11.92","11.92","11.92","11.92","11.92","11.92","0.00","11.92","","1,001","11,931.92"
"16/07/2026","UNIL","30.00","19.79","29.50","29.50","29.50","29.50","0.00","29.50","","161","4,749.50"
"16/07/2026","ZEN","12.61","5.00","11.00","11.00","11.00","11.00","0.00","11.00","","355","3,905.00"
"16/07/2026","AADS","0.42","0.42","0.42","0.42","0.42","0.42","0.00","0.46","","0","0.00"
"16/07/2026","SCBPREF","0.99","0.90","0.99","0.99","0.99","0.99","0.00","","","0","0.00"
"16/07/2026","GLD","533.93","466.72","462.39","462.39","462.39","462.39","0.00","462.39","","480","221,947.20"
"16/07/2026","SAMBA","0.55","0.55","0.55","0.55","0.55","0.55","0.00","0.55","","0","0.00"
"16/07/2026","MMH","0.11","0.10","0.11","0.11","0.11","0.11","0.00","0.11","","0","0.00"
"16/07/2026","HORDS","0.17","0.09","0.16","0.16","0.17","0.17","0.01","0.17","","357,000","60,690.00"
"16/07/2026","IIL","0.39","0.05","0.36","0.36","0.39","0.39","0.03","0.39","","31,000","12,090.00"
"16/07/2026","DIGICUT","0.09","0.09","0.09","0.09","0.09","0.09","0.00","0.09","","0","0.00"
"15/07/2026","ACCESS","46.64","16.20","31.90","31.90","31.90","31.90","0.00","","31.90","452","14,418.80"
"15/07/2026","ADB","5.30","5.06","5.30","5.30","5.30","5.30","0.00","5.30","","4","21.20"
"15/07/2026","AGA","37.00","37.00","37.00","37.00","37.00","37.00","0.00","40.70","","0","0.00"
"15/07/2026","**ALW**","0.10","0.10","0.10","0.10","0.10","0.10","0.00","","","0","0.00"
"15/07/2026","ASG","8.89","8.89","8.89","8.89","8.89","8.89","0.00","8.89","","11","97.79"
"15/07/2026","ALLGH","8.46","6.12","8.46","8.46","8.46","8.46","0.00","","8.45","0","0.00"
"15/07/2026","BOPP","100.00","55.82","79.99","79.99","79.99","79.99","0.00","","79.99","742","59,352.58"
"15/07/2026","CAL","0.94","0.61","0.79","0.79","0.80","0.80","0.01","0.80","0.81","543,290","434,632.00"
"15/07/2026","CLYD","3.70","0.46","3.70","3.70","3.70","3.70","0.00","3.70","","4","14.80"
"15/07/2026","CMLT","0.14","0.14","0.14","0.14","0.14","0.14","0.00","0.15","","0","0.00"
"15/07/2026","CPC","0.15","0.05","0.15","0.15","0.15","0.15","0.00","0.16","","0","0.00"
"15/07/2026","DASPHARMA","0.41","0.38","0.41","0.41","0.41","0.41","0.00","0.44","","0","0.00"
"15/07/2026","EGH","57.00","25.00","34.94","34.94","36.79","36.79","1.85","37.00","","10,354","381,087.66"
"15/07/2026","EGL","12.16","3.48","10.05","10.05","10.05","10.05","0.00","","10.05","4,856","48,802.80"
"15/07/2026","ETI","2.82","0.76","2.16","2.16","2.06","2.06","-0.10","","2.00","52,978","109,791.40"
"15/07/2026","FML","16.35","8.00","13.30","13.30","13.30","13.30","0.00","13.30","","7,026","93,445.80"
"15/07/2026","FAB","8.40","7.71","8.40","8.40","8.40","8.40","0.00","8.40","","0","0.00"
"15/07/2026","GCB","52.00","20.11","42.77","42.77","42.77","42.77","0.00","42.77","46.50","4,975","212,780.75"
"15/07/2026","GGBL","16.50","6.60","11.98","11.98","11.98","11.98","0.00","","11.98","1,697","20,330.06"
"15/07/2026","GOIL","8.01","2.96","7.98","7.98","7.98","7.98","0.00","","7.98","29,133","232,481.34"
"15/07/2026","KASA","2.30","1.20","1.88","1.88","2.02","2.02","0.14","2.06","","461,854","935,071.25"
"15/07/2026","MAC","5.20","5.20","5.20","5.20","5.20","5.20","0.00","5.20","","3","15.60"
"15/07/2026","MTNGH","6.80","4.20","6.45","6.45","6.47","6.47","0.02","6.47","6.50","5,083,148","32,908,828.70"
"15/07/2026","PBC**","0.02","0.02","0.02","0.02","0.02","0.02","0.00","","","0","0.00"
"15/07/2026","RBGH","5.58","1.30","4.00","4.00","4.00","4.00","0.00","4.00","4.10","1,080","4,320.00"
"15/07/2026","SCB","79.41","29.22","70.90","70.90","70.90","70.90","0.00","","70.90","351","24,885.90"
"15/07/2026","SIC","6.09","1.20","6.00","6.00","6.00","6.00","0.00","","6.00","7,826","46,956.00"
"15/07/2026","SOGEGH","11.51","4.49","6.80","6.80","6.80","6.80","0.00","","6.80","2,332","15,857.60"
"15/07/2026","TBL","1.20","1.20","1.20","1.20","1.20","1.20","0.00","1.32","","0","0.00"
"15/07/2026","TOTAL","42.00","32.91","42.00","42.00","42.00","42.00","0.00","","40.00","0","0.00"
"15/07/2026","TLW","11.92","11.92","11.92","11.92","11.92","11.92","0.00","11.92","","10","119.20"
"15/07/2026","UNIL","30.00","19.79","29.50","29.50","29.50","29.50","0.00","29.50","","34","1,003.00"
"15/07/2026","ZEN","12.61","5.00","11.00","11.00","11.00","11.00","0.00","11.00","","66","726.00"
"15/07/2026","AADS","0.42","0.42","0.42","0.42","0.42","0.42","0.00","0.46","","0","0.00"
"15/07/2026","SCBPREF","0.99","0.90","0.99","0.99","0.99","0.99","0.00","0.99","","0","0.00"
"15/07/2026","GLD","533.93","466.72","462.00","462.00","462.39","462.39","0.39","462.00","","1,427","659,833.00"
"15/07/2026","SAMBA","0.55","0.55","0.55","0.55","0.55","0.55","0.00","0.55","","0","0.00"
"15/07/2026","MMH","0.11","0.10","0.11","0.11","0.11","0.11","0.00","0.11","","0","0.00"
"15/07/2026","HORDS","0.16","0.09","0.16","0.16","0.16","0.16","0.00","0.17","","0","0.00"
"15/07/2026","IIL","0.36","0.05","0.33","0.33","0.36","0.36","0.03","0.36","","71,000","25,560.00"
"15/07/2026","DIGICUT","0.09","0.09","0.09","0.09","0.09","0.09","0.00","0.09","","0","0.00"
"14/07/2026","ACCESS","46.64","16.20","31.90","31.90","31.90","31.90","0.00","","31.90","82","2,615.80"
"14/07/2026","ADB","5.30","5.06","5.30","5.30","5.30","5.30","0.00","5.30","","13","68.90"
"14/07/2026","AGA","37.00","37.00","37.00","37.00","37.00","37.00","0.00","40.70","","0","0.00"
"14/07/2026","**ALW**","0.10","0.10","0.10","0.10","0.10","0.10","0.00","","","0","0.00"
"14/07/2026","ASG","8.89","8.89","8.89","8.89","8.89","8.89","0.00","8.89","","0","0.00"
"14/07/2026","ALLGH","8.46","6.12","8.46","8.46","8.46","8.46","0.00","","8.45","0","0.00"
"14/07/2026","BOPP","100.00","55.82","79.99","79.99","79.99","79.99","0.00","","79.99","32","2,559.68"
"14/07/2026","CAL","0.94","0.61","0.79","0.79","0.78","0.79","0.00","0.77","0.78","668,088","531,076.89"
"14/07/2026","CLYD","3.70","0.46","3.70","3.70","3.70","3.70","0.00","3.70","","7","25.90"
"14/07/2026","CMLT","0.14","0.14","0.14","0.14","0.14","0.14","0.00","0.15","","0","0.00"
"14/07/2026","CPC","0.15","0.05","0.15","0.15","0.15","0.15","0.00","0.16","","0","0.00"
"14/07/2026","DASPHARMA","0.41","0.38","0.41","0.41","0.41","0.41","0.00","0.44","","0","0.00"
"14/07/2026","EGH","57.00","25.00","34.50","34.50","35.00","34.94","0.44","35.00","37.00","18,722","653,948.50"
"14/07/2026","EGL","12.16","3.48","10.05","10.05","10.05","10.05","0.00","","10.05","1,976","19,858.80"
"14/07/2026","ETI","2.82","0.76","2.18","2.18","2.15","2.16","-0.02","2.13","2.15","64,212","138,975.23"
"14/07/2026","FML","16.35","8.00","13.30","13.30","13.30","13.30","0.00","12.00","13.30","1,643","21,851.90"
"14/07/2026","FAB","8.40","7.71","8.40","8.40","8.40","8.40","0.00","8.40","","0","0.00"
"14/07/2026","GCB","52.00","20.11","42.50","42.50","43.00","42.77","0.27","43.00","46.50","4,909","210,291.50"
"14/07/2026","GGBL","16.50","6.60","11.98","11.98","11.95","11.98","0.00","","11.95","4","47.89"
"14/07/2026","GOIL","8.01","2.96","7.98","7.98","7.98","7.98","0.00","","7.98","13,466","107,458.68"
"14/07/2026","KASA","2.30","1.20","1.88","1.88","1.88","1.88","0.00","1.87","1.88","238,671","446,480.38"
"14/07/2026","MAC","5.20","5.20","5.20","5.20","5.20","5.20","0.00","5.20","","20","104.00"
"14/07/2026","MTNGH","6.80","4.20","6.43","6.43","6.49","6.45","0.02","6.46","6.47","2,528,422","16,315,920.00"
"14/07/2026","PBC**","0.02","0.02","0.02","0.02","0.02","0.02","0.00","","","0","0.00"
"14/07/2026","RBGH","5.58","1.30","4.00","4.00","4.00","4.00","0.00","4.00","4.10","10,000","40,000.00"
"14/07/2026","SCB","79.41","29.22","70.90","70.90","70.80","70.90","0.00","","70.80","22","1,557.60"
"14/07/2026","SIC","6.09","1.20","6.00","6.00","6.00","6.00","0.00","","6.00","59,602","357,612.00"
"14/07/2026","SOGEGH","11.51","4.49","6.80","6.80","6.80","6.80","0.00","","6.80","4,376","29,756.80"
"14/07/2026","TBL","1.20","1.20","1.20","1.20","1.20","1.20","0.00","1.32","","0","0.00"
"14/07/2026","TOTAL","42.00","32.91","40.26","40.26","42.00","42.00","1.74","40.26","42.00","2,210","91,890.84"
"14/07/2026","TLW","11.92","11.92","11.92","11.92","11.92","11.92","0.00","11.92","13.00","716","8,534.72"
"14/07/2026","UNIL","30.00","19.79","29.50","29.50","29.50","29.50","0.00","29.50","","0","0.00"
"14/07/2026","ZEN","12.61","5.00","11.00","11.00","11.00","11.00","0.00","11.00","","140","1,540.00"
"14/07/2026","AADS","0.42","0.42","0.42","0.42","0.42","0.42","0.00","0.46","","0","0.00"
"14/07/2026","SCBPREF","0.99","0.90","0.99","0.99","0.99","0.99","0.00","0.99","","0","0.00"
"14/07/2026","GLD","533.93","466.72","462.00","462.00","462.00","462.00","0.00","462.00","","10","4,620.00"
"14/07/2026","SAMBA","0.55","0.55","0.55","0.55","0.55","0.55","0.00","0.55","","0","0.00"
"14/07/2026","MMH","0.11","0.10","0.11","0.11","0.11","0.11","0.00","0.11","","0","0.00"
"14/07/2026","HORDS","0.16","0.09","0.15","0.15","0.16","0.16","0.01","0.16","","32,979","5,176.64"
"14/07/2026","IIL","0.33","0.05","0.30","0.30","0.33","0.33","0.03","0.33","","142,464","47,013.12"
"14/07/2026","DIGICUT","0.09","0.09","0.09","0.09","0.09","0.09","0.00","0.09","","0","0.00"
"13/07/2026","ACCESS","46.64","16.20","31.90","31.90","31.90","31.90","0.00","","31.90","12,080,473","277,852,258.50"
"13/07/2026","ADB","5.30","5.06","5.30","5.30","5.30","5.30","0.00","5.30","","0","0.00"
"13/07/2026","AGA","37.00","37.00","37.00","37.00","37.00","37.00","0.00","40.70","","0","0.00"
"13/07/2026","**ALW**","0.10","0.10","0.10","0.10","0.10","0.10","0.00","","","0","0.00"
"13/07/2026","ASG","8.89","8.89","8.89","8.89","8.89","8.89","0.00","8.89","","4","35.56"
"13/07/2026","ALLGH","8.46","6.12","8.46","8.46","8.46","8.46","0.00","","8.45","0","0.00"
"13/07/2026","BOPP","100.00","55.82","79.99","79.99","79.99","79.99","0.00","","79.99","16","1,279.84"
"13/07/2026","CAL","0.94","0.61","0.79","0.79","0.80","0.79","0.00","0.79","0.80","779,412","612,589.84"
"13/07/2026","CLYD","3.70","0.46","3.49","3.49","3.71","3.70","0.21","3.71","","15,258","56,478.17"
"13/07/2026","CMLT","0.14","0.14","0.14","0.14","0.14","0.14","0.00","0.15","","0","0.00"
"13/07/2026","CPC","0.15","0.05","0.15","0.15","0.15","0.15","0.00","0.15","","0","0.00"
"13/07/2026","DASPHARMA","0.41","0.38","0.41","0.41","0.41","0.41","0.00","0.44","","0","0.00"
"13/07/2026","EGH","57.00","25.00","34.00","34.00","34.50","34.50","0.50","34.50","","192,141","6,628,274.00"
"13/07/2026","EGL","12.16","3.48","10.05","10.05","10.05","10.05","0.00","","10.05","5,824","58,531.20"
"13/07/2026","ETI","2.82","0.76","2.18","2.18","2.17","2.18","0.00","2.16","2.17","106,667","232,422.76"
"13/07/2026","FML","16.35","8.00","13.30","13.30","13.30","13.30","0.00","13.10","13.30","3,032","40,325.60"
"13/07/2026","FAB","8.40","7.71","8.40","8.40","8.40","8.40","0.00","8.40","","0","0.00"
"13/07/2026","GCB","52.00","20.11","42.50","42.50","42.60","42.50","0.00","42.50","42.60","8,102","344,337.50"
"13/07/2026","GGBL","16.50","6.60","11.98","11.98","11.98","11.98","0.00","","11.98","1,245","14,915.10"
"13/07/2026","GOIL","8.01","2.96","7.98","7.98","7.98","7.98","0.00","","","10,268","81,938.64"
"13/07/2026","KASA","2.30","1.20","1.88","1.88","1.88","1.88","0.00","","","348,003","652,788.82"
"13/07/2026","MAC","5.20","5.20","5.20","5.20","5.20","5.20","0.00","5.20","","0","0.00"
"13/07/2026","MTNGH","6.80","4.20","6.49","6.49","6.50","6.43","-0.06","6.41","6.50","367,000","2,367,979.27"
"13/07/2026","PBC**","0.02","0.02","0.02","0.02","0.02","0.02","0.00","","","0","0.00"
"13/07/2026","RBGH","5.58","1.30","3.93","3.93","4.00","4.00","0.07","3.93","4.00","6,002","23,780.92"
"13/07/2026","SCB","79.41","29.22","70.90","70.90","70.85","70.90","0.00","","70.85","7","495.95"
"13/07/2026","SIC","6.09","1.20","6.00","6.00","6.00","6.00","0.00","","6.00","9,803","58,818.00"
"13/07/2026","SOGEGH","11.51","4.49","6.80","6.80","6.80","6.80","0.00","","6.80","1,982","13,477.60"
"13/07/2026","TBL","1.20","1.20","1.20","1.20","1.20","1.20","0.00","1.32","","0","0.00"
"13/07/2026","TOTAL","41.00","32.91","40.26","40.26","40.26","40.26","0.00","40.26","42.00","612","24,639.12"
"13/07/2026","TLW","11.92","11.92","11.92","11.92","11.92","11.92","0.00","11.92","13.11","20","238.40"
"13/07/2026","UNIL","30.00","19.79","29.50","29.50","29.50","29.50","0.00","29.50","","233","6,873.50"
"13/07/2026","ZEN","12.61","5.00","11.00","11.00","11.00","11.00","0.00","11.00","","52,352","575,872.00"
"13/07/2026","AADS","0.42","0.42","0.42","0.42","0.42","0.42","0.00","0.46","","0","0.00"
"13/07/2026","SCBPREF","0.99","0.90","0.99","0.99","0.99","0.99","0.00","0.99","","0","0.00"
"13/07/2026","GLD","533.93","466.72","462.00","462.00","462.00","462.00","0.00","462.00","","1","462.00"
"13/07/2026","SAMBA","0.55","0.55","0.55","0.55","0.55","0.55","0.00","0.55","","0","0.00"
"13/07/2026","MMH","0.11","0.10","0.11","0.11","0.11","0.11","0.00","0.11","","0","0.00"
"13/07/2026","HORDS","0.15","0.09","0.14","0.14","0.15","0.15","0.01","0.15","","2,100","315.00"
"13/07/2026","IIL","0.30","0.05","0.28","0.28","0.30","0.30","0.02","0.30","","1,000,050","300,015.00"
"13/07/2026","DIGICUT","0.09","0.09","0.09","0.09","0.09","0.09","0.00","0.09","","0","0.00"
"10/07/2026","ACCESS","46.64","16.20","31.90","31.90","31.90","31.90","0.00","","31.90","190","6,061.00"
"10/07/2026","ADB","5.30","5.06","5.30","5.30","5.30","5.30","0.00","5.30","","0","0.00"
"10/07/2026","AGA","37.00","37.00","37.00","37.00","37.00","37.00","0.00","40.70","","0","0.00"
"10/07/2026","**ALW**","0.10","0.10","0.10","0.10","0.10","0.10","0.00","","","0","0.00"
"10/07/2026","ASG","8.89","8.89","8.89","8.89","8.89","8.89","0.00","8.89","","0","0.00"
"10/07/2026","ALLGH","8.46","6.12","8.46","8.46","8.46","8.46","0.00","","8.45","0","0.00"
"10/07/2026","BOPP","100.00","55.82","79.99","79.99","79.99","79.99","0.00","","79.99","415","33,195.85"
"10/07/2026","CAL","0.94","0.61","0.79","0.79","0.79","0.79","0.00","0.74","0.79","292,902","230,197.77"
"10/07/2026","CLYD","3.49","0.46","3.47","3.47","3.50","3.49","0.02","3.47","3.50","52,764","183,609.88"
"10/07/2026","CMLT","0.14","0.14","0.14","0.14","0.14","0.14","0.00","0.15","","0","0.00"
"10/07/2026","CPC","0.15","0.05","0.14","0.14","0.15","0.15","0.01","0.14","","8,813","1,321.95"
"10/07/2026","DASPHARMA","0.41","0.38","0.41","0.41","0.41","0.41","0.00","0.45","","0","0.00"
"10/07/2026","EGH","57.00","25.00","34.00","34.00","34.00","34.00","0.00","34.00","34.50","3,549","120,666.00"
"10/07/2026","EGL","12.16","3.48","10.05","10.05","10.05","10.05","0.00","10.05","","2,923","29,376.15"
"10/07/2026","ETI","2.82","0.76","2.18","2.18","2.18","2.18","0.00","1.98","2.18","45,877","100,011.86"
"10/07/2026","FML","16.35","8.00","13.30","13.30","13.30","13.30","0.00","13.10","13.30","1,246","16,571.80"
"10/07/2026","FAB","8.40","7.71","8.40","8.40","8.40","8.40","0.00","8.40","","0","0.00"
"10/07/2026","GCB","52.00","20.11","42.50","42.50","42.50","42.50","0.00","","42.50","7,692","326,938.70"
"10/07/2026","GGBL","16.50","6.60","11.97","11.97","11.97","11.98","0.01","11.97","11.99","2,647","31,706.91"
"10/07/2026","GOIL","8.01","2.96","7.98","7.98","7.98","7.98","0.00","7.98","","20,266","161,681.96"
"10/07/2026","KASA","2.30","1.20","1.88","1.88","1.88","1.88","0.00","1.87","1.88","1,748,506","3,287,051.34"
"10/07/2026","MAC","5.20","5.20","5.20","5.20","5.20","5.20","0.00","5.20","","0","0.00"
"10/07/2026","MTNGH","6.80","4.20","6.46","6.46","6.50","6.49","0.03","6.47","6.50","214,823","1,390,563.34"
"10/07/2026","PBC**","0.02","0.02","0.02","0.02","0.02","0.02","0.00","","","0","0.00"
"10/07/2026","RBGH","5.58","1.30","3.93","3.93","3.93","3.93","0.00","3.93","4.00","19,810","76,003.30"
"10/07/2026","SCB","79.41","29.22","70.90","70.90","70.90","70.90","0.00","","70.80","0","0.00"
"10/07/2026","SIC","6.09","1.20","6.00","6.00","6.00","6.00","0.00","5.90","6.00","34,630","207,780.00"
"10/07/2026","SOGEGH","11.51","4.49","6.80","6.80","6.80","6.80","0.00","6.80","","3,683","25,044.40"
"10/07/2026","TBL","1.20","1.20","1.20","1.20","1.20","1.20","0.00","1.32","","0","0.00"
"10/07/2026","TOTAL","41.00","32.91","41.00","41.00","41.00","40.26","-0.74","41.00","42.00","2,358","95,080.50"
"10/07/2026","TLW","11.92","11.92","11.92","11.92","11.92","11.92","0.00","11.92","13.11","500","5,960.00"
"10/07/2026","UNIL","30.00","19.79","29.50","29.50","29.50","29.50","0.00","","29.50","156","4,602.00"
"10/07/2026","ZEN","12.61","5.00","11.00","11.00","11.01","11.00","0.00","11.01","","124","1,364.52"
"10/07/2026","AADS","0.42","0.42","0.42","0.42","0.42","0.42","0.00","0.46","","0","0.00"
"10/07/2026","SCBPREF","0.99","0.90","0.99","0.99","0.99","0.99","0.00","0.99","","0","0.00"
"10/07/2026","GLD","533.93","466.72","462.00","462.00","462.00","462.00","0.00","462.00","","11","5,082.00"
"10/07/2026","SAMBA","0.55","0.55","0.55","0.55","0.55","0.55","0.00","0.55","","0","0.00"
"10/07/2026","MMH","0.11","0.10","0.11","0.11","0.11","0.11","0.00","0.11","","0","0.00"
"10/07/2026","HORDS","0.14","0.09","0.13","0.13","0.14","0.14","0.01","0.14","","2,000","280.00"
"10/07/2026","IIL","0.28","0.05","0.26","0.26","0.28","0.28","0.02","0.28","","1,002,000","280,560.00"
"10/07/2026","DIGICUT","0.09","0.09","0.09","0.09","0.09","0.09","0.00","0.09","","0","0.00"
"09/07/2026","ACCESS","46.64","16.20","31.90","31.90","31.90","31.90","0.00","","31.90","1,142","36,429.80"
"09/07/2026","ADB","5.30","5.06","5.30","5.30","5.30","5.30","0.00","5.30","","0","0.00"
"09/07/2026","AGA","37.00","37.00","37.00","37.00","37.00","37.00","0.00","40.70","","0","0.00"
"09/07/2026","**ALW**","0.10","0.10","0.10","0.10","0.10","0.10","0.00","","","0","0.00"
"09/07/2026","ASG","8.89","8.89","8.89","8.89","8.89","8.89","0.00","8.89","","20","177.80"
"09/07/2026","ALLGH","8.46","6.12","8.46","8.46","8.46","8.46","0.00","","8.45","0","0.00"
"09/07/2026","BOPP","100.00","55.82","79.99","79.99","79.99","79.99","0.00","","79.99","530","42,394.70"
"09/07/2026","CAL","0.94","0.61","0.78","0.78","0.78","0.79","0.01","0.77","0.78","434,294","341,638.79"
"09/07/2026","CLYD","3.47","0.46","3.47","3.47","3.47","3.47","0.00","3.49","","0","0.00"
"09/07/2026","CMLT","0.14","0.14","0.14","0.14","0.14","0.14","0.00","0.15","","0","0.00"
"09/07/2026","CPC","0.14","0.05","0.13","0.13","0.14","0.14","0.01","0.14","","5,550","777.00"
"09/07/2026","DASPHARMA","0.41","0.38","0.41","0.41","0.41","0.41","0.00","0.45","","0","0.00"
"09/07/2026","EGH","57.00","25.00","34.00","34.00","34.00","34.00","0.00","34.00","34.50","7,201","244,884.00"
"09/07/2026","EGL","12.16","3.48","10.05","10.05","10.05","10.05","0.00","","10.05","1,764","17,728.20"
"09/07/2026","ETI","2.82","0.76","2.19","2.19","2.18","2.18","-0.01","2.16","2.18","33,770","73,526.87"
"09/07/2026","FML","16.35","8.00","13.30","13.30","13.30","13.30","0.00","13.10","13.30","6,215","82,659.50"
"09/07/2026","FAB","8.40","7.71","8.40","8.40","8.40","8.40","0.00","8.40","","0","0.00"
"09/07/2026","GCB","52.00","20.11","42.35","42.35","42.50","42.50","0.15","42.50","","14,969","635,884.90"
"09/07/2026","GGBL","16.50","6.60","11.97","11.97","11.97","11.97","0.00","","11.97","923","11,048.31"
"09/07/2026","GOIL","8.01","2.96","7.98","7.98","7.98","7.98","0.00","7.95","","13,623","108,711.54"
"09/07/2026","KASA","2.30","1.20","1.88","1.88","1.88","1.88","0.00","1.88","1.99","859,409","1,613,729.49"
"09/07/2026","MAC","5.20","5.20","5.20","5.20","5.20","5.20","0.00","","","227","1,180.40"
"09/07/2026","MTNGH","6.80","4.20","6.43","6.43","6.45","6.46","0.03","6.43","6.45","2,162,353","13,963,188.47"
"09/07/2026","PBC**","0.02","0.02","0.02","0.02","0.02","0.02","0.00","","","0","0.00"
"09/07/2026","RBGH","5.58","1.30","3.93","3.93","3.93","3.93","0.00","3.93","4.00","48,353","190,027.29"
"09/07/2026","SCB","79.41","29.22","70.90","70.90","70.90","70.90","0.00","","70.90","63","4,466.70"
"09/07/2026","SIC","6.09","1.20","6.00","6.00","6.00","6.00","0.00","","6.00","52,549","315,294.00"
"09/07/2026","SOGEGH","11.51","4.49","6.80","6.80","6.80","6.80","0.00","6.80","","1,953","13,280.40"
"09/07/2026","TBL","1.20","1.20","1.20","1.20","1.20","1.20","0.00","1.32","","0","0.00"
"09/07/2026","TOTAL","41.00","32.91","41.00","41.00","41.00","41.00","0.00","41.00","43.55","14,337","587,817.00"
"09/07/2026","TLW","11.92","11.92","11.92","11.92","11.92","11.92","0.00","11.92","13.11","132","1,573.44"
"09/07/2026","UNIL","30.00","19.79","29.50","29.50","29.50","29.50","0.00","29.50","","76","2,242.00"
"09/07/2026","ZEN","12.61","5.00","11.00","11.00","11.01","11.00","0.00","11.01","","371","4,081.01"
"09/07/2026","AADS","0.42","0.42","0.42","0.42","0.46","0.42","0.00","0.46","","45","20.70"
"09/07/2026","SCBPREF","0.99","0.90","0.99","0.99","0.99","0.99","0.00","0.99","","0","0.00"
"09/07/2026","GLD","533.93","466.72","462.00","462.00","462.00","462.00","0.00","462.00","","21","9,702.00"
"09/07/2026","SAMBA","0.55","0.55","0.55","0.55","0.55","0.55","0.00","0.55","","0","0.00"
"09/07/2026","MMH","0.11","0.10","0.11","0.11","0.11","0.11","0.00","0.11","","0","0.00"
"09/07/2026","HORDS","0.13","0.09","0.12","0.12","0.13","0.13","0.01","0.13","","2,290","297.70"
"09/07/2026","IIL","0.26","0.05","0.24","0.24","0.26","0.26","0.02","0.26","","2,005","521.30"
"09/07/2026","DIGICUT","0.09","0.09","0.09","0.09","0.09","0.09","0.00","0.09","","0","0.00"
"08/07/2026","ACCESS","46.64","16.20","31.90","31.90","31.90","31.90","0.00","","31.90","592","18,884.80"
"08/07/2026","ADB","5.30","5.06","5.30","5.30","5.30","5.30","0.00","5.30","","3","15.90"
"08/07/2026","AGA","37.00","37.00","37.00","37.00","37.00","37.00","0.00","40.70","","0","0.00"
"08/07/2026","**ALW**","0.10","0.10","0.10","0.10","0.10","0.10","0.00","","","0","0.00"
"08/07/2026","ASG","8.89","8.89","8.89","8.89","8.89","8.89","0.00","8.89","","0","0.00"
"08/07/2026","ALLGH","8.46","6.12","8.46","8.46","8.46","8.46","0.00","","8.45","11","93.06"
"08/07/2026","BOPP","100.00","55.82","79.99","79.99","79.99","79.99","0.00","79.99","80.00","0","0.00"
"08/07/2026","CAL","0.94","0.61","0.78","0.78","0.78","0.78","0.00","0.77","0.78","388,864","304,566.03"
"08/07/2026","CLYD","3.47","0.46","3.40","3.40","3.47","3.47","0.07","3.40","","4,000","13,867.50"
"08/07/2026","CMLT","0.14","0.14","0.14","0.14","0.14","0.14","0.00","0.15","","0","0.00"
"08/07/2026","CPC","0.13","0.05","0.13","0.13","0.13","0.13","0.00","0.14","","0","0.00"
"08/07/2026","DASPHARMA","0.41","0.38","0.41","0.41","0.41","0.41","0.00","0.44","","0","0.00"
"08/07/2026","EGH","57.00","25.00","34.00","34.00","34.00","34.00","0.00","34.00","35.00","7,614","258,962.00"
"08/07/2026","EGL","12.16","3.48","10.05","10.05","10.05","10.05","0.00","","10.05","8,570","86,128.50"
"08/07/2026","ETI","2.82","0.76","2.19","2.19","2.19","2.19","0.00","","2.19","279,323","611,600.37"
"08/07/2026","FML","16.35","8.00","13.30","13.30","13.30","13.30","0.00","","13.30","3,776","50,220.80"
"08/07/2026","FAB","8.40","7.71","8.40","8.40","8.40","8.40","0.00","8.40","","6,492","54,532.80"
"08/07/2026","GCB","52.00","20.11","41.97","41.97","42.35","42.35","0.38","42.50","43.00","7,998","338,925.17"
"08/07/2026","GGBL","16.50","6.60","11.97","11.97","11.97","11.97","0.00","","11.97","640","7,660.80"
"08/07/2026","GOIL","8.01","2.96","7.98","7.98","7.98","7.98","0.00","7.93","7.98","24,620","196,467.60"
"08/07/2026","KASA","2.30","1.20","1.88","1.88","1.88","1.88","0.00","1.88","1.99","1,381,990","2,597,719.96"
"08/07/2026","MAC","5.20","5.20","5.20","5.20","5.20","5.20","0.00","5.20","","0","0.00"
"08/07/2026","MTNGH","6.80","4.20","6.42","6.42","6.43","6.43","0.01","6.42","6.50","1,909,288","12,279,240.78"
"08/07/2026","PBC**","0.02","0.02","0.02","0.02","0.02","0.02","0.00","","","0","0.00"
"08/07/2026","RBGH","5.58","1.30","3.80","3.80","3.93","3.93","0.13","3.88","4.00","33,297","129,970.60"
"08/07/2026","SCB","79.41","29.22","70.90","70.90","70.90","70.90","0.00","","70.90","2,200","155,980.00"
"08/07/2026","SIC","6.09","1.20","6.01","6.01","6.00","6.00","-0.01","","6.00","54,478","326,868.00"
"08/07/2026","SOGEGH","11.51","4.49","6.80","6.80","6.80","6.80","0.00","","6.80","20,483","139,284.40"
"08/07/2026","TBL","1.20","1.20","1.20","1.20","1.20","1.20","0.00","1.32","","0","0.00"
"08/07/2026","TOTAL","41.00","32.91","39.60","39.60","41.00","41.00","1.40","41.00","43.55","2,121","87,054.60"
"08/07/2026","TLW","11.92","11.92","11.92","11.92","11.92","11.92","0.00","","13.11","20","238.40"
"08/07/2026","UNIL","30.00","19.79","29.50","29.50","29.50","29.50","0.00","29.50","","235","6,932.50"
"08/07/2026","ZEN","12.61","5.00","11.00","11.00","11.00","11.00","0.00","11.00","","1,212","13,332.02"
"08/07/2026","AADS","0.42","0.42","0.42","0.42","0.42","0.42","0.00","0.46","","0","0.00"
"08/07/2026","SCBPREF","0.99","0.90","0.99","0.99","0.99","0.99","0.00","0.99","","0","0.00"
"08/07/2026","GLD","533.93","466.72","462.00","462.00","462.00","462.00","0.00","462.00","","11","5,082.00"
"08/07/2026","SAMBA","0.55","0.55","0.55","0.55","0.55","0.55","0.00","0.55","","0","0.00"
"08/07/2026","MMH","0.11","0.10","0.11","0.11","0.11","0.11","0.00","0.11","","20","2.20"
"08/07/2026","HORDS","0.12","0.09","0.11","0.11","0.12","0.12","0.01","0.12","","2,102","252.24"
"08/07/2026","IIL","0.24","0.05","0.22","0.22","0.24","0.24","0.02","0.24","","2,000","480.00"
"08/07/2026","DIGICUT","0.09","0.09","0.09","0.09","0.09","0.09","0.00","0.09","","0","0.00"
"07/07/2026","ACCESS","46.64","16.20","31.90","31.90","31.90","31.90","0.00","","31.90","592","18,884.80"
"07/07/2026","ADB","5.30","5.06","5.30","5.30","5.30","5.30","0.00","5.30","","0","0.00"
"07/07/2026","AGA","37.00","37.00","37.00","37.00","37.00","37.00","0.00","40.70","","0","0.00"
"07/07/2026","**ALW**","0.10","0.10","0.10","0.10","0.10","0.10","0.00","","","0","0.00"
"07/07/2026","ASG","8.89","8.89","8.89","8.89","8.89","8.89","0.00","8.89","","1","8.89"
"07/07/2026","ALLGH","8.46","6.12","8.46","8.46","8.46","8.46","0.00","","8.46","1,005","8,502.30"
"07/07/2026","BOPP","100.00","55.82","79.99","79.99","79.99","79.99","0.00","79.99","80.00","0","0.00"
"07/07/2026","CAL","0.94","0.61","0.79","0.79","0.78","0.78","-0.01","0.77","0.78","190,699","149,346.19"
"07/07/2026","CLYD","3.40","0.46","3.40","3.40","3.40","3.40","0.00","3.40","","10","34.00"
"07/07/2026","CMLT","0.14","0.14","0.14","0.14","0.14","0.14","0.00","0.15","","0","0.00"
"07/07/2026","CPC","0.13","0.05","0.13","0.13","0.13","0.13","0.00","0.14","","0","0.00"
"07/07/2026","DASPHARMA","0.41","0.38","0.41","0.41","0.41","0.41","0.00","0.44","","0","0.00"
"07/07/2026","EGH","57.00","25.00","33.75","33.75","34.00","34.00","0.25","33.75","34.00","1,512","51,397.00"
"07/07/2026","EGL","12.16","3.48","10.05","10.05","10.05","10.05","0.00","","10.05","6,560","65,928.00"
"07/07/2026","ETI","2.82","0.76","2.20","2.20","2.20","2.19","-0.01","2.18","2.20","34,728","76,300.36"
"07/07/2026","FML","16.35","8.00","13.30","13.30","13.30","13.30","0.00","13.10","13.30","1,812","24,099.60"
"07/07/2026","FAB","8.40","7.71","8.40","8.40","8.40","8.40","0.00","8.40","","0","0.00"
"07/07/2026","GCB","52.00","20.11","41.94","41.94","42.00","41.97","0.03","42.00","42.50","10,872","456,271.68"
"07/07/2026","GGBL","16.50","6.60","11.97","11.97","11.97","11.97","0.00","","11.97","505","6,044.85"
"07/07/2026","GOIL","8.01","2.96","7.98","7.98","7.98","7.98","0.00","7.50","7.98","32,534","259,621.32"
"07/07/2026","KASA","2.30","1.20","1.88","1.88","1.88","1.88","0.00","1.88","1.99","3,947,129","7,419,060.44"
"07/07/2026","MAC","5.20","5.20","5.20","5.20","5.20","5.20","0.00","5.20","","0","0.00"
"07/07/2026","MTNGH","6.80","4.20","6.40","6.40","6.42","6.42","0.02","6.42","6.50","49,567","317,959.57"
"07/07/2026","PBC**","0.02","0.02","0.02","0.02","0.02","0.02","0.00","","","0","0.00"
"07/07/2026","RBGH","5.58","1.30","4.00","4.00","3.80","3.80","-0.20","3.80","4.00","31,647","120,284.20"
"07/07/2026","SCB","79.41","29.22","70.90","70.90","70.90","70.90","0.00","","70.90","46","3,261.40"
"07/07/2026","SIC","6.09","1.20","6.01","6.01","6.00","6.01","0.00","","6.00","17,946","107,854.45"
"07/07/2026","SOGEGH","11.51","4.49","6.80","6.80","6.80","6.80","0.00","","6.80","7,256","49,340.80"
"07/07/2026","TBL","1.20","1.20","1.20","1.20","1.20","1.20","0.00","1.32","","0","0.00"
"07/07/2026","TOTAL","40.30","32.91","39.60","39.60","40.00","39.60","0.00","40.00","41.00","324","12,832.00"
"07/07/2026","TLW","11.92","11.92","11.92","11.92","11.92","11.92","0.00","11.92","","0","0.00"
"07/07/2026","UNIL","30.00","19.79","29.50","29.50","29.50","29.50","0.00","29.50","","82","2,419.00"
"07/07/2026","ZEN","12.61","5.00","11.00","11.00","11.01","11.00","0.00","11.01","","36,831","405,141.95"
"07/07/2026","AADS","0.42","0.42","0.42","0.42","0.42","0.42","0.00","0.46","","0","0.00"
"07/07/2026","SCBPREF","0.99","0.90","0.90","0.90","0.99","0.99","0.09","0.99","","3,064","3,033.36"
"07/07/2026","GLD","533.93","466.72","462.00","462.00","462.00","462.00","0.00","462.00","","8","3,696.00"
"07/07/2026","SAMBA","0.55","0.55","0.55","0.55","0.55","0.55","0.00","0.55","","0","0.00"
"07/07/2026","MMH","0.11","0.10","0.11","0.11","0.11","0.11","0.00","0.11","","4","0.44"
"07/07/2026","HORDS","0.11","0.09","0.11","0.11","0.11","0.11","0.00","0.12","","1,508","180.96"
"07/07/2026","IIL","0.22","0.05","0.20","0.20","0.22","0.22","0.02","0.22","","2,101","462.22"
"07/07/2026","DIGICUT","0.09","0.09","0.09","0.09","0.09","0.09","0.00","0.09","","0","0.00"
"06/07/2026","ACCESS","46.64","16.20","31.90","31.90","31.90","31.90","0.00","31.90","35.05","673","21,468.70"
"06/07/2026","ADB","5.30","5.06","5.30","5.30","5.30","5.30","0.00","5.30","","14","74.20"
"06/07/2026","AGA","37.00","37.00","37.00","37.00","37.00","37.00","0.00","40.70","","0","0.00"
"06/07/2026","**ALW**","0.10","0.10","0.10","0.10","0.10","0.10","0.00","","","0","0.00"
"06/07/2026","ASG","8.89","8.89","8.89","8.89","8.89","8.89","0.00","8.89","","5","44.45"
"06/07/2026","ALLGH","8.46","6.12","8.46","8.46","8.46","8.46","0.00","","8.46","6,129","51,851.34"
"06/07/2026","BOPP","100.00","55.82","79.99","79.99","79.99","79.99","0.00","79.99","80.00","0","0.00"
"06/07/2026","CAL","0.94","0.61","0.78","0.78","0.79","0.79","0.01","0.78","0.79","605,677","478,063.95"
"06/07/2026","CLYD","3.40","0.46","3.10","3.10","3.40","3.40","0.30","3.40","","118,392","402,532.80"
"06/07/2026","CMLT","0.14","0.14","0.14","0.14","0.14","0.14","0.00","0.15","","0","0.00"
"06/07/2026","CPC","0.13","0.05","0.13","0.13","0.13","0.13","0.00","0.14","","0","0.00"
"06/07/2026","DASPHARMA","0.41","0.38","0.41","0.41","0.41","0.41","0.00","0.44","","0","0.00"
"06/07/2026","EGH","57.00","25.00","33.67","33.67","34.00","33.75","0.08","33.67","","11,650","392,915.50"
"06/07/2026","EGL","12.16","3.48","10.05","10.05","10.05","10.05","0.00","","10.05","2,027","20,371.35"
"06/07/2026","ETI","2.82","0.76","2.20","2.20","2.20","2.20","0.00","2.18","2.20","92,054","202,518.80"
"06/07/2026","FML","16.35","8.00","13.30","13.30","13.30","13.30","0.00","13.10","13.30","4,259","56,644.70"
"06/07/2026","FAB","8.40","7.71","8.40","8.40","8.40","8.40","0.00","8.40","","0","0.00"
"06/07/2026","GCB","52.00","20.11","41.00","41.00","42.00","41.94","0.94","41.50","42.00","8,158","340,728.00"
"06/07/2026","GGBL","16.50","6.60","11.97","11.97","11.97","11.97","0.00","","11.97","3,871","46,335.87"
"06/07/2026","GOIL","8.01","2.96","7.50","7.50","7.50","7.98","0.48","","7.50","10,208","79,582.90"
"06/07/2026","KASA","2.30","1.20","1.88","1.88","1.88","1.88","0.00","1.88","1.99","1,615,279","3,034,734.01"
"06/07/2026","MAC","5.20","5.20","5.20","5.20","5.20","5.20","0.00","","","256","1,331.20"
"06/07/2026","MTNGH","6.80","4.20","6.42","6.42","6.40","6.40","-0.02","6.36","6.40","1,437,714","9,207,298.27"
"06/07/2026","PBC**","0.02","0.02","0.02","0.02","0.02","0.02","0.00","","","0","0.00"
"06/07/2026","RBGH","5.58","1.30","4.00","4.00","3.61","4.00","0.00","3.61","3.98","6,700","26,720.83"
"06/07/2026","SCB","79.41","29.22","71.00","71.00","70.90","70.90","-0.10","","70.90","1,249","88,564.60"
"06/07/2026","SIC","6.09","1.20","6.01","6.01","6.01","6.01","0.00","","6.01","11,199","67,305.99"
"06/07/2026","SOGEGH","11.51","4.49","6.80","6.80","6.80","6.80","0.00","6.80","6.81","34,718","236,082.40"
"06/07/2026","TBL","1.20","1.20","1.20","1.20","1.20","1.20","0.00","1.32","","0","0.00"
"06/07/2026","TOTAL","40.30","32.91","39.60","39.60","39.60","39.60","0.00","39.60","43.55","1,428","56,548.80"
"06/07/2026","TLW","11.92","11.92","11.92","11.92","11.92","11.92","0.00","11.92","13.11","102","1,215.84"
"06/07/2026","UNIL","30.00","19.79","29.50","29.50","29.50","29.50","0.00","29.50","","586","17,287.00"
"06/07/2026","ZEN","12.61","5.00","10.99","10.99","11.00","11.00","0.01","11.00","","2,023","22,253.00"
"06/07/2026","AADS","0.42","0.42","0.42","0.42","0.42","0.42","0.00","0.46","","0","0.00"
"06/07/2026","SCBPREF","0.90","0.90","0.90","0.90","0.90","0.90","0.00","0.90","","0","0.00"
"06/07/2026","GLD","533.93","466.72","462.00","462.00","462.00","462.00","0.00","462.00","","12","5,544.00"
"06/07/2026","SAMBA","0.55","0.55","0.55","0.55","0.55","0.55","0.00","0.55","","0","0.00"
"06/07/2026","MMH","0.11","0.10","0.11","0.11","0.11","0.11","0.00","0.11","","0","0.00"
"06/07/2026","HORDS","0.11","0.09","0.11","0.11","0.11","0.11","0.00","0.11","","1,000,000","110,000.00"
"06/07/2026","IIL","0.20","0.05","0.18","0.18","0.20","0.20","0.02","0.20","","7,000","1,400.00"
"06/07/2026","DIGICUT","0.09","0.09","0.09","0.09","0.09","0.09","0.00","0.09","","0","0.00"
"02/07/2026","ACCESS","46.64","16.20","31.90","31.90","31.90","31.90","0.00","","31.90","0","0.00"
"02/07/2026","ADB","5.30","5.06","5.30","5.30","5.30","5.30","0.00","5.30","","3","15.90"
"02/07/2026","AGA","37.00","37.00","37.00","37.00","37.00","37.00","0.00","40.70","","0","0.00"
"02/07/2026","**ALW**","0.10","0.10","0.10","0.10","0.10","0.10","0.00","","","0","0.00"
"02/07/2026","ASG","8.89","8.89","8.89","8.89","8.89","8.89","0.00","8.89","","0","0.00"
"02/07/2026","ALLGH","8.46","6.12","8.46","8.46","8.46","8.46","0.00","","8.45","0","0.00"
"02/07/2026","BOPP","100.00","55.82","79.99","79.99","79.99","79.99","0.00","79.99","80.00","400","31,996.00"
"02/07/2026","CAL","0.94","0.61","0.78","0.78","0.78","0.78","0.00","0.78","0.79","343,159","269,161.86"
"02/07/2026","CLYD","3.10","0.46","3.10","3.10","3.10","3.10","0.00","3.31","","0","0.00"
"02/07/2026","CMLT","0.14","0.14","0.14","0.14","0.14","0.14","0.00","0.15","","0","0.00"
"02/07/2026","CPC","0.13","0.05","0.13","0.13","0.13","0.13","0.00","0.14","","0","0.00"
"02/07/2026","DASPHARMA","0.41","0.38","0.41","0.41","0.41","0.41","0.00","0.44","","0","0.00"
"02/07/2026","EGH","57.00","25.00","33.67","33.67","33.67","33.67","0.00","33.67","","3,950","132,996.50"
"02/07/2026","EGL","12.16","3.48","10.05","10.05","10.05","10.05","0.00","","10.05","6,268","62,993.40"
"02/07/2026","ETI","2.82","0.76","2.23","2.23","2.20","2.20","-0.03","2.20","2.21","303,919","668,631.80"
"02/07/2026","FML","16.35","8.00","13.30","13.30","13.30","13.30","0.00","13.10","13.30","2,380","31,654.00"
"02/07/2026","FAB","8.40","7.71","8.40","8.40","8.40","8.40","0.00","8.40","","0","0.00"
"02/07/2026","GCB","52.00","20.11","40.00","40.00","41.00","41.00","1.00","40.00","41.00","4,523","183,975.00"
"02/07/2026","GGBL","16.50","6.60","11.98","11.98","11.97","11.97","-0.01","","11.97","2,376","28,440.86"
"02/07/2026","GOIL","8.01","2.96","7.45","7.45","7.50","7.50","0.05","7.45","7.50","30,020","225,145.30"
"02/07/2026","KASA","2.30","1.20","1.88","1.88","1.88","1.88","0.00","1.85","1.88","489,795","920,285.24"
"02/07/2026","MAC","5.20","5.20","5.20","5.20","5.20","5.20","0.00","","","0","0.00"
"02/07/2026","MTNGH","6.80","4.20","6.31","6.31","6.45","6.42","0.11","6.43","6.45","1,385,876","8,900,299.17"
"02/07/2026","PBC**","0.02","0.02","0.02","0.02","0.02","0.02","0.00","","","0","0.00"
"02/07/2026","RBGH","5.58","1.30","4.00","4.00","4.00","4.00","0.00","3.60","4.00","22,569","88,277.00"
"02/07/2026","SCB","79.41","29.22","71.00","71.00","71.00","71.00","0.00","71.00","","624","44,304.00"
"02/07/2026","SIC","6.09","1.20","6.01","6.01","6.01","6.01","0.00","","6.01","12,505","75,155.05"
"02/07/2026","SOGEGH","11.51","4.49","6.81","6.81","6.81","6.80","-0.01","6.80","6.81","3,912","26,603.02"
"02/07/2026","TBL","1.20","1.20","1.20","1.20","1.20","1.20","0.00","1.32","","0","0.00"
"02/07/2026","TOTAL","40.30","32.91","39.60","39.60","39.60","39.60","0.00","38.00","39.60","16,593","657,082.80"
"02/07/2026","TLW","11.92","11.92","11.92","11.92","11.92","11.92","0.00","11.92","13.11","7","83.44"
"02/07/2026","UNIL","30.00","19.79","29.50","29.50","29.50","29.50","0.00","29.50","","4","118.00"
"02/07/2026","ZEN","12.61","5.00","10.99","10.99","10.99","10.99","0.00","11.00","","0","0.00"
"02/07/2026","AADS","0.42","0.42","0.42","0.42","0.42","0.42","0.00","0.46","","0","0.00"
"02/07/2026","SCBPREF","0.90","0.90","0.90","0.90","0.90","0.90","0.00","0.90","","0","0.00"
"02/07/2026","GLD","533.93","466.72","462.00","462.00","462.00","462.00","0.00","462.00","","2","924.00"
"02/07/2026","SAMBA","0.55","0.55","0.55","0.55","0.55","0.55","0.00","0.55","","0","0.00"
"02/07/2026","MMH","0.11","0.10","0.11","0.11","0.11","0.11","0.00","0.11","","9","0.99"
"02/07/2026","HORDS","0.11","0.09","0.11","0.11","0.11","0.11","0.00","0.11","","160","17.60"
"02/07/2026","IIL","0.18","0.05","0.18","0.18","0.18","0.18","0.00","0.20","","0","0.00"
"02/07/2026","DIGICUT","0.09","0.09","0.09","0.09","0.09","0.09","0.00","0.09","","0","0.00"
"01/07/2026","ACCESS","46.64","16.20","31.90","31.90","31.90","31.90","0.00","31.90","35.05","542","17,289.80"
"01/07/2026","ADB","5.30","5.06","5.30","5.30","5.30","5.30","0.00","5.30","","0","0.00"
"01/07/2026","AGA","37.00","37.00","37.00","37.00","37.00","37.00","0.00","40.70","","0","0.00"
"01/07/2026","**ALW**","0.10","0.10","0.10","0.10","0.10","0.10","0.00","","","0","0.00"
"01/07/2026","ASG","8.89","8.89","8.89","8.89","8.89","8.89","0.00","8.89","","0","0.00"
"01/07/2026","ALLGH","8.46","6.12","8.46","8.46","8.45","8.46","0.00","","8.45","0","0.00"
"01/07/2026","BOPP","100.00","55.82","79.99","79.99","79.99","79.99","0.00","79.99","80.00","0","0.00"
"01/07/2026","CAL","0.94","0.61","0.78","0.78","0.78","0.78","0.00","0.77","0.79","532,119","418,622.94"
"01/07/2026","CLYD","3.10","0.46","2.95","2.95","3.20","3.10","0.15","3.20","","2,800","8,600.00"
"01/07/2026","CMLT","0.14","0.14","0.14","0.14","0.14","0.14","0.00","0.15","","0","0.00"
"01/07/2026","CPC","0.13","0.05","0.13","0.13","0.13","0.13","0.00","0.14","","0","0.00"
"01/07/2026","DASPHARMA","0.41","0.38","0.41","0.41","0.41","0.41","0.00","0.44","","0","0.00"
"01/07/2026","EGH","57.00","25.00","33.67","33.67","33.67","33.67","0.00","31.50","33.67","7,345","247,121.70"
"01/07/2026","EGL","12.16","3.48","10.05","10.05","10.05","10.05","0.00","","10.05","22,983","230,979.15"
"01/07/2026","ETI","2.82","0.76","2.27","2.27","2.20","2.23","-0.04","","2.20","32,081","72,133.85"
"01/07/2026","FML","16.35","8.00","13.34","13.34","13.30","13.30","-0.04","13.10","13.30","7,848","104,378.40"
"01/07/2026","FAB","8.40","7.71","8.40","8.40","8.40","8.40","0.00","8.40","","0","0.00"
"01/07/2026","GCB","52.00","20.11","40.00","40.00","40.00","40.00","0.00","39.00","40.00","2,593","104,551.00"
"01/07/2026","GGBL","16.50","6.60","11.99","11.99","11.98","11.98","-0.01","11.98","11.99","5,100","61,099.00"
"01/07/2026","GOIL","8.01","2.96","7.50","7.50","7.45","7.45","-0.05","7.45","7.50","2,901","21,690.20"
"01/07/2026","KASA","2.30","1.20","1.88","1.88","1.88","1.88","0.00","1.80","1.88","996,243","1,870,906.39"
"01/07/2026","MAC","5.20","5.20","5.20","5.20","5.20","5.20","0.00","5.20","","2","10.40"
"01/07/2026","MTNGH","6.80","4.20","6.41","6.41","6.43","6.31","-0.10","6.30","6.43","1,990,039","12,572,775.81"
"01/07/2026","PBC**","0.02","0.02","0.02","0.02","0.02","0.02","0.00","","","0","0.00"
"01/07/2026","RBGH","5.58","1.30","4.39","4.39","4.00","4.00","-0.39","","4.00","2,000","8,000.00"
"01/07/2026","SCB","79.41","29.22","71.00","71.00","71.00","71.00","0.00","","71.00","90","6,390.00"
"01/07/2026","SIC","6.09","1.20","6.01","6.01","6.00","6.01","0.00","","6.01","6,701","40,273.01"
"01/07/2026","SOGEGH","11.51","4.49","6.81","6.81","6.81","6.81","0.00","","6.81","8,814","60,023.34"
"01/07/2026","TBL","1.20","1.20","1.20","1.20","1.20","1.20","0.00","1.32","","0","0.00"
"01/07/2026","TOTAL","40.30","32.91","39.60","39.60","39.59","39.60","0.00","","39.60","2,287","90,565.20"
"01/07/2026","TLW","11.92","11.92","11.92","11.92","11.92","11.92","0.00","11.92","","25","298.00"
"01/07/2026","UNIL","30.00","19.79","29.50","29.50","29.50","29.50","0.00","29.50","","80","2,360.00"
"01/07/2026","ZEN","12.61","5.00","10.99","10.99","10.99","10.99","0.00","11.00","","171","1,879.34"
"01/07/2026","AADS","0.42","0.42","0.42","0.42","0.42","0.42","0.00","0.46","","0","0.00"
"01/07/2026","SCBPREF","0.90","0.90","0.90","0.90","0.90","0.90","0.00","0.90","","0","0.00"
"01/07/2026","GLD","533.93","466.72","462.00","462.00","462.00","462.00","0.00","462.00","","28","12,936.00"
"01/07/2026","SAMBA","0.55","0.55","0.55","0.55","0.55","0.55","0.00","0.55","","0","0.00"
"01/07/2026","MMH","0.11","0.10","0.11","0.11","0.11","0.11","0.00","0.11","","0","0.00"
"01/07/2026","HORDS","0.11","0.09","0.11","0.11","0.11","0.11","0.00","0.11","","97","10.67"
"01/07/2026","IIL","0.18","0.05","0.18","0.18","0.18","0.18","0.00","0.19","","2,000,000","380,000.00"
"01/07/2026","DIGICUT","0.09","0.09","0.09","0.09","0.09","0.09","0.00","0.09","","0","0.00"